ast,a,e,i,Om,om,q,Q,rasc,rdes,dnode,moid,P,syn,lnode,nodepass,owner,cls,t_fly,pool_all,pool_deep,pool_short,maxdep,fly_r,fly_z,fly_vrel
1,1.7689528,0.4232224,22.14242,336.03924,27.87452,1.02029235049728,2.51761324950272,1.0567531432596018,2.320088510256315,0.05675314325960179,0.04307701427215393,2.3527423367860414,1.7392390796135528,336.03924,6.375538776800658,r1,deep,647.3218966389185,146,92,42,48,1.0626572402312697,-0.014927508514993687,14.207955673439313
2,1.9810687,0.6361991,6.66957,294.34257,237.01137,0.72071457602183,3.24142282397817,1.8041919618624902,0.8758457318940687,0.12415426810593133,0.028427125109190526,2.7883629569787973,1.5591706068936744,114.34257000000002,5.379500528242765,r3,deep,1648.5092508771627,121,49,54,47,0.8260735517092296,-0.015391846079834579,13.474512311663506
3,2.2005608,0.8591108,17.51489,260.13526,243.26877,0.3100352506633601,4.091086349336639,0.9394083542254675,0.4157358099893976,0.060591645774532465,0.018790227014317845,3.2643751150647793,1.4416229419529687,260.13526,4.59506014819695,r5,tail,5461.134157928539,189,22,131,47,0.9577000659066753,0.004419095454403095,29.702874906835387
4,1.2714646,0.8896723,22.31053,265.09881,322.30016,0.14027776494942004,2.40265143505058,0.15556908042485434,0.8953290199514596,0.10467098004854036,0.019681470017070206,1.433693808249929,3.30577421438242,85.09881000000001,10.462485025523051,r6,tail,2938.072375976985,213,131,40,48,0.9248077193985703,0.006159863703191732,35.516798019894566
5,1.0838865,0.4771016,37.03321,295.27177,104.98562,0.5667625166315999,1.6010104833684,0.9549790169426264,0.7452289284784704,0.045020983057373565,0.04831397342384639,1.1284328244621453,8.786171519530376,295.27177,13.29277177589156,r3,deep,1484.598367994985,116,63,20,48,0.9371594654698879,0.020316065991799647,24.20301911381403
6,1.6213702,0.6575603,24.37798,77.51847,77.93611,0.5552215248769401,2.6875188751230605,0.8091151619415348,1.0669451405375334,0.06694514053753342,0.024517876121899543,2.064539896831726,1.9393729657067724,257.51847,7.265541355252676,r9,tail,2846.47420935002,302,27,247,47,1.1954576433348412,-0.07229103792742328,20.867339895413718
7,2.0774415,0.5069959,43.64693,19.88008,5.84705,1.0241871770101498,3.1306958229898503,1.0259829603662267,3.114034909452442,0.025982960366226715,0.027634068457475527,2.994285481814835,1.5014327232077038,19.88008,5.009542373664554,r6,tail,3887.4037842276803,119,30,72,46,1.0249964720280231,0.023714055322068665,25.816946768862177
8,1.7533776,0.4398616,42.03945,310.13923,6.97434,0.9821341234598401,2.52462107654016,0.9843591928529152,2.5100364474381096,0.015640807147084823,0.03214959435038741,2.3217378472787393,1.7565796818626709,310.13923,6.460677727927461,r1,deep,1337.3886942140637,141,57,67,47,0.9847436719701227,-0.00665088463391177,25.608856829441308
9,1.2458036,0.3355178,13.33676,337.13487,277.02906,0.82781431689592,1.6637928831040798,1.0619586117696764,1.1528966541312966,0.06195861176967643,0.029151254598725255,1.3905108189981652,3.560748515407197,337.13487,10.78740258260428,r1,deep,2827.7355244289733,117,58,33,48,1.0256514138282582,-0.026365191549431094,13.691493552116466
10,1.7762319,0.6504315,39.82206,356.78899,267.84526,0.6209147209351499,2.93154907906485,1.0504665975370564,1.000314315636884,0.00031431563688411046,0.004236772467020767,2.3672792870260952,1.731379469790004,176.78899,6.336387971714066,r5,tail,1748.9810695660242,173,36,89,48,1.0243494195554612,0.02424363097011549,25.9398957469411
11,2.4391983,0.6118902,39.51172,347.89802,162.3993,0.9466767643733399,3.93171983562666,3.66148411107719,0.9638042494727865,0.036195750527213466,0.028976674539942814,3.8095235529992837,1.355932235888344,167.89801999999997,3.9375002651421647,r7,tail,382.7400953137096,234,16,194,46,0.9659630166780598,-0.011418473264661666,25.59766535875041
12,2.5430471,0.6246302,0.44808,125.36536,277.86165,0.9545830813175799,4.13151111868242,1.428773157253399,1.695723519563432,0.42877315725339904,0.006700869843607229,4.055380474097104,1.3272914808737561,125.36536,3.6987898165928863,r3,deep,4066.509952950102,130,60,54,48,1.0996997330735778,-0.0064823110560357396,14.265605619825138
13,2.1785708,0.7108614,2.52172,74.85241,98.3819,0.62990891111288,3.72723268888712,1.2022691250665256,0.9764994088115974,0.023500591188402642,0.003638428454504558,3.2155666632068702,1.4513517993417417,254.85241000000002,4.66480765945016,r2,deep,2841.3526113580097,167,98,41,48,0.9128491082442357,0.015756128304394827,19.44648644207873
14,2.136714,0.574076,8.85374,226.433,31.25146,0.910077773736,3.363350226264,0.960929619817619,2.813170288099414,0.03907038018238096,0.026944584319047827,3.1233423746955378,1.4709556084394484,226.433,4.80254746374457,r5,tail,1086.4695505535608,118,65,25,45,0.9914601509569073,-0.02110454288760582,13.329702650904373
15,2.7243079,0.6415852,13.83947,133.6246,166.78307,0.9764322711169201,4.47218352888308,4.26972880090327,0.986646645760989,0.013353354239010962,0.026827284260061993,4.496600295259262,1.2859920824681659,313.6246,3.3358535371299083,r7,tail,3627.429457949852,373,25,339,48,0.9779391556041737,0.03307149756342242,12.326995839067532
16,2.2620457,0.5935572,23.15184,235.51959,140.00618,0.9193921880359599,3.6046992119640398,2.6869447073363535,1.0071296251493174,0.007129625149317365,0.01516220255861064,3.402139067419935,1.4162956314906738,55.519589999999994,4.408990844508741,r4,deep,753.780756609934,149,15,103,40,1.0071020203124244,4.139106670750601e-05,16.442779366499256
17,2.2301886,0.5419751,39.65677,267.12483,5.0141,1.02148191049614,3.4388952895038605,1.0228576959910731,3.4233935437879857,0.022857695991073124,0.005061700560252786,3.3305226173664906,1.4290883051502017,267.12483,4.503797668805743,r9,tail,1309.0336423479816,329,16,285,46,1.0242500792160514,-0.02390383639491023,22.549960063063228
18,2.2052447,0.6598497,3.02961,82.16378,169.30021,0.7501146462784101,3.6603747537215905,3.5409467163804904,0.7553353471019703,0.24466465289802974,0.046033627686511994,3.274803006848003,1.4395985045692432,262.16378,4.580428187171324,r5,tail,4808.967231704806,194,27,129,48,1.0873930640573477,-0.05274621235973316,16.546390422031234
19,1.9236716,0.6388452,10.7844,40.94164,103.1481,0.69474323196368,3.15259996803632,1.3321630940305393,0.994114475636093,0.005885524363906991,0.005729679429576168,2.6680649648649353,1.5994970346259691,220.94164,5.622052010551153,r3,deep,5285.183903025793,175,43,96,48,0.9331625090628415,0.02130183460575243,17.808880401363144
20,1.961768,0.4930609,5.31181,168.07244,147.23365,0.9944969043287999,2.9290390956712002,2.5364930153074567,1.049651321334424,0.04965132133442407,0.019130837385066914,2.7477136371484523,1.5721761155515086,348.07244000000003,5.459084162630149,r7,tail,1995.674156493349,495,93,371,48,1.043872745557596,0.0029036403964363003,9.786691811135862
21,1.7597807,0.5788447,7.13333,311.6149,120.82624,0.7411409686427101,2.77842043135729,1.663607312021508,0.9024584003320848,0.0975415996679152,0.024967928878939064,2.334467464514723,1.749362593387504,131.61489999999998,6.425448299455362,r3,deep,2737.1541039178605,190,113,31,48,0.9253207745080365,-0.007268366780136777,13.073008849390671
22,2.1223157,0.653834,34.88704,275.31036,284.97994,0.7346735366061999,3.5099578633938004,1.0393707167608393,1.4621339192968439,0.03937071676083925,0.015873408203189946,3.091825539053706,1.478051339048273,275.31036,4.851502715962087,r8,tail,4756.7102100029415,304,53,214,48,0.9676227086285627,-0.07740766443390025,21.856784058769648
23,2.8902616,0.8954152,24.285,126.52941,302.96204,0.30227743138368013,5.47824576861632,0.3852533460222949,1.1172374754159633,0.1172374754159633,0.027541587614766813,4.913667095095631,1.2555148344766316,306.52941,3.0527098620440962,r6,tail,1384.4879570511139,150,25,77,45,1.1243136097820308,0.0019892868929217555,31.890662863896736
24,1.2900749,0.2993525,64.00427,94.35212,61.50561,0.90388775349775,1.67626204650225,1.0276999878605497,1.3701429056955055,0.027699987860549724,0.04347574183295092,1.4652859601392347,3.1492159352944036,94.35212,10.23690965999201,r4,deep,3816.5868344478426,202,83,64,48,1.0310992154652157,-0.013220523705767323,31.76016506321759
25,1.5415156,0.4059747,24.53703,220.68627,321.78869,0.91569926674468,2.16733193325532,0.9760889109617166,1.8904965796212745,0.02391108903828343,0.030140670826090732,1.9139116507043168,2.0941976713277897,220.68627,7.8373523639296625,r6,tail,4505.1603970463675,159,30,82,45,0.9845411213314785,0.017936208768733735,16.613933587277558
26,0.8586365,0.6427473,19.2213,161.99674,47.81378,0.30675020794355,1.41052279205645,0.35198504421178234,0.8865965957883942,0.11340340421160577,0.04714107709904708,0.7956352557713102,3.893211907827764,341.99674,18.852859889244847,r5,tail,4100.267089273766,195,18,130,48,0.9072186341317,-0.008204399197770447,23.412875939185152
27,1.7764915,0.4144802,60.6846,43.45101,2.59571,1.0401709477816998,2.5128120522183,1.0404837753564964,2.5109882838104993,0.04048377535649639,0.048847365830714265,2.3677982802020274,1.7311019574116568,43.45101,6.334999110954738,r4,deep,1891.7126736766445,123,9,84,46,1.0403556653059858,0.0095159280148194,32.05327820049975
28,2.379216,0.5758477,5.87999,26.93149,174.56857,1.0091499385968001,3.7492820614032,3.72656654818814,1.0108083415924134,0.010808341592413395,0.006239289684374312,3.6698710766676736,1.3745499206831076,206.93149,4.087337044444717,r1,deep,465.977447170197,136,83,26,47,1.0181040572379088,0.032277824372734173,11.179391388601495
29,1.8469723,0.5893724,51.3362,164.28075,293.54199,0.75841780281548,2.93552679718452,0.9757169931268528,1.576537435000818,0.024283006873147217,0.015746961919576797,2.5100973963501163,1.662208942560252,164.28075,5.975863734136854,r5,tail,319.2123891905721,215,40,118,48,1.5208256779367109,-0.06087728454595987,24.32377025250258
30,1.4707151,0.56018,6.35218,35.50297,286.09771,0.646849915282,2.294580284718,0.8735227234380336,1.1947812309892871,0.1264772765619664,0.026352505394972994,1.7835809581481306,2.2761923188681634,35.50297,8.410047175864845,r1,deep,2892.9735190465617,132,52,42,47,0.8915451220211157,0.004253768118516143,20.162959264756946
31,2.7060815,0.8582965,48.41215,309.2807,114.23695,0.38346121983524994,5.02870178016475,1.1002454637797385,0.5269270172972612,0.10024546377973853,0.043425054693596095,4.451550539477713,1.2897248609175282,309.2807,3.369612423126595,r2,deep,2309.6506307598925,119,93,20,48,1.0335562281470667,0.04079187189998063,36.37912434141236
32,2.1329374,0.5261187,11.6234,58.16545,183.58089,1.01075914793062,3.25511565206938,3.2480751186709185,1.011439918614791,0.0114399186147911,0.0024742390310650416,3.1150653653626112,1.4727986266412896,238.16545,4.8153082650494925,r7,tail,4991.58062068278,287,22,219,45,1.0192434724902137,0.032250394505885634,9.944023526702818
33,1.9713638,0.5537355,27.12971,315.60707,57.99014,0.8797496805250999,3.0629779194749003,1.0567309548879595,1.93478995765835,0.05673095488795954,0.032666516334799084,2.767898536634553,1.565643321309402,315.60707,5.419273792542366,r8,tail,3531.2308533692376,316,23,247,47,1.141662107822364,-0.10056322980996328,19.680767765462427
34,2.626685,0.6307928,2.79844,266.7232,95.499,0.969791014132,4.283578985868,1.683278790315695,1.4913776293381293,0.49137762933812934,0.04306307214643924,4.25708175844157,1.3070233031173508,86.72320000000002,3.5235405028939804,r6,tail,3562.2636809142746,142,37,77,47,1.0526254121966838,0.03777064837447161,11.342119395747075
35,1.1099069,0.292096,44.05781,38.30847,91.01207,0.7857075341376,1.4341062658623998,1.0204744980776084,1.0099986739203088,0.009998673920308843,0.0029758067914553285,1.1693104392471376,6.906310351840317,218.30847,12.82807327851941,r1,deep,5437.837104206677,137,83,12,48,1.0219564423831526,-0.0035105203267794373,22.19130929826222
36,2.7171262,0.784464,46.75042,70.17634,277.9808,0.5856385126431999,4.8486138873568,0.9424076102028417,1.1727859547522401,0.057592389797158305,0.031748738636910884,4.478831410280345,1.2874528489782187,70.17634,3.349087881622474,r9,tail,1495.9215244127784,271,10,245,46,0.9650165434103558,0.023451639694277666,36.85626563980896
37,0.7532601,0.3398784,24.92726,272.66887,156.64665,0.49724326242815997,1.00927693757184,0.9684290425277837,0.5077956171600124,0.03157095747221628,0.04567054416892988,0.6537586458060702,1.8881587594528066,272.66887,22.94424723286883,r4,deep,5069.700113638789,210,127,19,48,0.9440503344091227,0.04622630357923649,16.833478478398867
38,2.1368372,0.5778302,9.53681,78.7561,39.13098,0.90210813335656,3.37156626664344,0.9828393602108964,2.5796309759635343,0.01716063978910365,0.0018225761618404905,3.123612510048614,1.4708957002598877,78.7561,4.802132131224736,r3,deep,2328.2103279935536,107,47,40,46,0.9650568158190017,0.012281195503302205,10.720758161194222
39,2.0053413,0.5700748,52.36973,252.04419,219.55372,0.86214675947076,3.14853584052924,2.4152365679371535,0.9403222961480504,0.05967770385194959,0.043690709445383225,2.8397652947556566,1.543547594277678,72.04418999999996,5.282126670010823,r7,tail,2479.606923056408,99,51,40,48,0.9459146046639783,0.017320105021458886,32.51260711214255
40,2.2749288,0.5664273,9.28064,247.76284,322.40456,0.9863470221237601,3.56351057787624,1.066426548258351,2.8030596408618713,0.06642654825835104,0.03167848451466077,3.4312448755660925,1.411311920921647,247.76284,4.371591228249273,r6,tail,4935.529012880232,134,21,74,45,1.1358355341594415,0.0409181891573183,14.716333734987012
41,2.5345579,0.6190904,47.83485,55.15904,187.34432,0.9654374358658399,4.10367836413416,4.04967933169029,0.9684755551861023,0.03152444481389771,0.04397842968430668,4.035090923276905,1.3294794209724454,235.15904,3.717388352631834,r1,deep,4157.738824798747,95,39,19,47,0.9681035436771303,-0.005805455718158568,28.259813595783374
42,1.0569542,0.3442881,25.15147,236.20005,255.58121,0.69305744669498,1.42085095330502,1.019030712683698,0.858103395023664,0.019030712683697937,0.005655152604713207,1.0866364109668516,12.542491070903383,236.20005,13.804065323610422,r1,deep,892.7413623741045,144,84,40,48,1.0515983262225999,0.03837685081365605,14.800740079758118
43,2.1080611,0.7625195,11.62102,135.99028,107.91942,0.50062340405855,3.7154987959414503,1.152824126241385,0.7146852473814622,0.15282412624138497,0.033419982306968014,3.0607283870380018,1.4852653102126452,135.99028,4.900794223859943,r1,deep,2268.648608587842,129,66,46,47,1.0065354958346286,0.030348267788443246,24.86204111926616
44,0.7615816,0.6016359,20.2845,203.55397,148.33841,0.30338676866055997,1.21977643133944,0.9959120891711932,0.3213532492825439,0.004087910828806773,0.004026015874802312,0.6646219254296563,1.9817095267217752,203.55397,22.5692223293762,r2,deep,1854.5518089385641,148,117,19,48,0.9314868673481954,0.031940003863332414,20.98593717901801
45,1.5062784,0.4303842,37.98278,164.09288,125.15536,0.85799997583872,2.15455682416128,1.6316023396757184,0.9835362604252827,0.01646373957471725,0.023450250679737536,1.8486635253240153,2.178323293225316,344.09288000000004,8.113969791972258,r3,deep,4723.2920652651155,113,40,40,47,0.9903563317027612,-0.014758165793939076,22.438611603928248
46,2.1965633,0.5440374,13.53118,82.01076,204.47648,1.00155071333258,3.3915758866674204,3.0631238627643556,1.0343018276967757,0.0343018276967757,0.014464104649223658,3.25548414638974,1.4433637902534844,262.01076,4.607609598294211,r2,deep,1206.6576223855097,163,123,9,48,1.0538152886629935,0.027022087866693967,11.933657754020272
47,2.8487174,0.6529252,1.99822,141.2725,293.89656,0.98871802186152,4.70871677813848,1.2924382472851246,2.2219682228682185,0.2924382472851246,0.030343260428002304,4.8081062080279215,1.2625977179659238,141.2725,3.1197314183607343,r2,deep,4275.156954267374,115,74,20,48,0.9972039729145932,-0.028197566967379465,8.436513728027915
48,2.6346507,0.8696748,5.9548,84.58326,302.38055,0.34336137940764005,4.92594002059236,0.4379846307048572,1.201626638512886,0.20162663851288598,0.014514478220079249,4.276461508533989,1.3052073089811567,264.58326,3.507572784197031,r3,deep,2135.7757059045625,126,43,64,44,1.072803056400109,-0.00946600620554033,30.562641055166626
49,1.0779942,0.8270189,22.80162,87.94857,31.44438,0.18647262250962,1.9695157774903802,0.1997509747976292,1.1571085619371901,0.15710856193719014,0.03416377214995866,1.1192436427548702,9.386191304602338,267.94857,13.401907705349556,r1,deep,1641.5801722164983,239,145,73,48,1.0573932907214598,0.02511292588828329,28.62620495524856
50,1.8662592,0.5078643,10.61149,284.1074,61.54418,0.9184527777734399,2.8140656222265603,1.1150691596713584,1.8270179943545426,0.11506915967135845,0.04595616891120764,2.5495171780363886,1.645362319420841,284.1074,5.88346692825692,r6,tail,1765.352359131031,123,23,77,42,1.1617867387790313,-0.023243410442797735,13.503840912873859
51,2.0361805,0.4927933,10.029,313.49561,344.83848,1.0327643920093499,3.03959660799065,1.0447693339900834,2.9401646490381586,0.044769333990083426,0.025767345655039707,2.9055236245451606,1.524790134910395,313.49561,5.16258063547776,r7,tail,2840.255331871044,354,15,314,47,1.146595010748481,0.10125421031192341,13.793155400513827
52,1.7352089,0.5283516,42.36114,131.99742,300.71884,0.8184085013507599,2.65200929864924,0.9849754611543253,1.713201338213516,0.015024538845674673,0.0027242009377314988,2.2857443230069947,1.7777596074943431,131.99742,6.562413761249927,r3,deep,998.3144456122423,141,39,68,46,0.9769816418593456,-0.015162637804067314,26.599758093184523
53,2.31463,0.6050551,29.53092,132.13915,224.21624,0.9141513138870002,3.715108686113,2.5907396559277784,1.0234453102737686,0.023445310273768616,0.007131713272449104,3.5214568130206922,1.3965961244452192,312.13915,4.259600726760882,r6,tail,5421.368083754147,141,13,99,45,1.0316629838753322,0.013575944750378297,17.1235071885178
54,1.319908,0.3266154,17.99169,18.12085,48.77155,0.8888057206168001,1.7510102793832003,0.9702477155949352,1.5025403813851843,0.029752284405064833,0.02479985192693922,1.5164059915196397,2.93646087849848,18.12085,9.891810032330467,r2,deep,5334.1044437048495,128,41,72,47,1.0381823127737952,-0.09199827116085502,12.952271008722002
55,1.7074001,0.4367044,22.71515,302.02023,24.71568,0.9617709637695601,2.45302923623044,0.9893183984701794,2.290368930887613,0.010681601529820561,0.02688742904186597,2.231017381328187,1.8123362148803015,302.02023,6.723390021762216,r1,deep,4986.672194714728,116,38,45,48,0.997745063184888,-0.023351446203754008,16.17364509919439
56,1.348659,0.3295322,33.46935,117.85066,47.49688,0.9042324326801999,1.7930855673198,0.9832855224224518,1.5465282009090902,0.01671447757754818,0.0032217883094353248,1.5662216839025551,2.766092730867751,117.85066,9.577188308761308,r8,tail,1102.5459827038994,154,33,93,46,0.9760374687111739,0.020473422338135587,19.922930306647654
57,1.4229631,0.2897508,55.89453,171.12615,186.41125,1.01065840340452,1.83526779659548,1.8305972934221597,1.0120803746237974,0.012080374623797407,0.00520932865957391,1.6974244646441157,2.4338470339010603,351.12615,8.836917525602484,r2,deep,4559.950776996447,108,60,24,48,1.0109228599801998,-0.0532294952367793,29.1774308322407
58,3.0280445,0.727252,20.16655,110.95612,126.42497,0.825893081286,5.230195918714,2.5106934754305317,0.9963021473034752,0.0036978526965247838,0.014780020967491647,5.269184187580908,1.2342367899958517,290.95612,2.8467404945444748,r8,tail,3114.2235066039475,274,8,251,46,1.1373334182136003,-0.10781340255189102,18.241268907131257
59,1.6359485,0.5001928,7.40973,10.62092,105.96629,0.8176588391292,2.4542381608708,1.4223447673867373,1.0782857446503327,0.07828574465033267,0.024375563356525402,2.09244688113823,1.9153763146434093,190.62092,7.1686407598746005,r5,tail,4652.076104661385,168,42,81,47,0.998076854493478,0.025181038373348473,13.216433317879183
60,0.6423893,0.6883841,38.87863,244.89558,192.65395,0.20017871986987,1.08459988013013,1.0293676328741181,0.20218093510654225,0.029367632874118144,0.012343368676347012,0.5148698343159638,1.0613024518687568,244.89558,29.13357707182131,r5,tail,2517.5728559422478,244,105,76,48,0.9892802571649333,-0.046888622507710594,23.198290972795903
61,2.5262805,0.7117857,4.44104,177.7231,316.20909,0.7281101659111501,4.32445083408885,0.8233285562961337,2.5635778351576666,0.17667144370386634,0.03428993071429063,4.015340273390912,1.3316375298750103,177.7231,3.735673437044144,r1,deep,3340.202038606588,116,75,9,47,0.8745617364142456,0.011216426325355312,15.738452828575223
62,2.387441,0.605372,23.72574,9.79921,145.04893,0.9421510669479999,3.832730933052,3.0021180902564675,1.010904300240642,0.010904300240641929,0.009994834762960677,3.6889177470026633,1.3718968351169165,189.79921,4.066233250168798,r5,tail,2465.9796847580365,152,18,110,47,1.014013399980797,-0.005346848861742194,16.369168794564843
63,1.7840613,0.5082827,53.19536,357.06027,225.62494,0.87725380547049,2.69086879452951,2.052881933602302,0.9761544289893322,0.023845571010667754,0.01934665536510076,2.3829485127777703,1.7230927187530753,177.06026999999995,6.294722659582227,r3,deep,714.7490521609093,119,67,18,47,0.9693369296445595,-0.02063410335942481,30.565800590808518
64,3.6552163,0.7238267,44.12226,19.21585,343.26959,1.0094731477847898,6.300959452215211,1.0277404466295186,5.67171786474638,0.027740446629518578,0.028654448605488728,6.988269139017023,1.1669931622619338,19.21585,2.146454250917691,r5,tail,5243.177986959587,229,30,179,48,1.0207651707162713,-0.04399571745078606,26.796997662350698
65,1.2705255,0.5851656,5.05883,96.9752,258.97377,0.5270576834772001,2.0139933165227997,0.9407617037778307,0.7513808102363959,0.05923829622216925,0.007216448089051513,1.4321057185583643,3.314248474508282,96.9752,10.474087077244421,r3,deep,5179.887880722369,196,146,19,48,0.994187865375975,0.007344275387340439,19.713359966577645
66,1.8432235,0.5812927,38.56598,116.51175,104.09227,0.7717711349815499,2.91467586501845,1.4216035190160303,1.0690828207970744,0.0690828207970744,0.040051885443609936,2.5024591577789344,1.665575496560111,296.51175,5.994103821184158,r1,deep,3817.383959302832,119,50,56,48,1.0955797807858414,-0.033242429477353175,22.148055716827233
67,1.572938,0.3950417,1.43938,99.34195,248.25683,0.9515618984854001,2.1943141015145997,1.5550353575207807,1.1580040198806871,0.15800401988068713,0.01239375774213917,1.972728899252403,2.028035664169695,279.34195,7.603680366665936,r1,deep,1037.4870532561044,203,160,8,48,0.9709343561935123,-0.0243891278087574,7.922356810026612
68,1.1365852,0.1437417,13.91996,139.30103,207.02937,0.9732105111571601,1.29995988884284,1.276552978727972,0.9867559106885346,0.013244089311465368,0.027695542245633666,1.2117220052794353,5.723174611350284,319.30102999999997,12.379076995090841,r4,deep,5474.8730641089105,176,57,69,48,0.9857273018610633,-0.004350596379160821,6.686652621096808
69,2.3576072,0.5676514,6.24493,226.5645,181.29566,1.01930817226992,3.6959062277300796,3.6946659722006583,1.0194025492918088,0.019402549291808846,0.02837584796947269,3.6199883571832476,1.381681085436235,46.56450000000001,4.143659735875964,r4,deep,2629.0218612691788,124,23,63,46,1.021719398781629,-0.015161810829584038,8.64991152913083
70,2.0150725,0.5332099,8.18219,306.75571,175.26452,0.94061589378225,3.0895291062177503,3.077529023419156,0.9417338641556218,0.05826613584437823,0.04169313244474046,2.8604608904356503,1.5375012208753485,126.75571000000002,5.243910185996456,r1,deep,1494.7407487363735,151,59,67,47,0.9422535576490045,-0.0023289691052986463,9.244374163720385
71,1.5075512,0.4165127,16.69512,219.36124,140.29002,0.87963697929976,2.13546542070024,1.8335058515555176,0.9436531711428383,0.05634682885716169,0.03885758555348625,1.8510071916042348,2.175078201295689,39.36124000000001,8.103696229834616,r8,tail,3953.40345315102,383,41,323,48,0.9163868733140885,0.0431547816009634,18.947066557319545
72,2.4449438,0.7906999,1.97391,195.43379,286.41433,0.5117269818343799,4.378160618165619,0.7489959882190385,1.180006689137767,0.18000668913776696,0.006581520565465499,3.8229914011349773,1.3542341643683193,15.433789999999988,3.9236290187696397,r1,deep,3199.026661395481,140,71,46,48,0.9943152371301367,-0.006372403318458623,22.917355548680955
73,1.9672729,0.6076793,2.66375,181.16134,89.3949,0.7718018812190299,3.16274391878097,1.232897695848404,1.2488243307848332,0.23289769584840392,0.017769840470257578,2.75928724957336,1.5684120090351974,181.16134,5.436186465297984,r4,deep,2415.2739826374627,201,78,42,48,1.002689592134588,0.017757102404769753,14.721479560662988
74,1.84152,0.5061514,5.40987,294.72295,173.52039,0.909432073872,2.7736079261280002,2.755567069323088,0.911388551740025,0.08861144825997502,0.04793421306127967,2.4989908148930455,1.6671154953483496,114.72295000000003,6.002423022367926,r3,deep,3470.7072459612696,207,136,39,48,0.9152703745655386,0.026179273203784287,6.813874841485781
75,2.4337077,0.6170326,9.6898,107.56402,237.79733,0.9320307102289799,3.9353846897710194,2.2455054314835965,1.1341768061099984,0.13417680610999838,0.04896960592026679,3.7966680207882697,1.3575683608375297,287.56402,3.9508326558627265,r9,tail,1679.0278659604353,227,11,206,45,1.1052248013589157,-0.012674545751586616,19.68282446526555
76,1.4421372,0.4840079,4.09944,213.60445,103.10746,0.7441314023161201,2.14014299768388,1.2404518534353044,0.9950750527125487,0.004924947287451298,0.002726569731174161,1.7318483870295673,2.366403230126405,33.60445000000004,8.661266258836726,r4,deep,3387.247625998946,199,76,60,48,1.1793392249503234,-0.0297482662414382,14.566625900364379
77,2.5924797,0.6179423,13.23278,1.27533,5.22298,0.9904768314786899,4.194482568521311,0.9920500141905859,4.16650233724508,0.007949985809414084,0.012333353835947473,4.174198009079636,1.3150402076806644,1.27533,3.5935046606251753,r2,deep,3445.2463498026927,137,89,20,48,0.9996362411310666,-0.02928407866234581,11.387420322382427
78,1.5658196,0.407978,36.0152,279.53942,130.68633,0.9269996512312001,2.2046395487688,1.7781174586771225,1.0309858663401834,0.03098586634018341,0.04397104025935791,1.959352554753583,2.0423696638373547,99.53942,7.655590089495899,r4,deep,4190.295698932988,129,48,37,46,1.0410380023322336,-0.02378968807604298,22.50452512521974
79,1.3084955,0.2126112,9.02376,264.506,184.85396,1.0302947015504,1.5866962984496,1.585161230122783,1.0309429725136623,0.030942972513662292,0.04666075890405037,1.496781304960453,3.012958197127821,84.50599999999997,10.02150411037925,r6,tail,1535.9781676249563,192,53,100,47,1.0338403037359682,0.01834776843278586,5.515731391549488
80,1.9312461,0.6206467,23.55872,115.78687,67.45131,0.73262458114713,3.1298676188528702,0.9590687743003387,1.55816682345399,0.040931225699661344,0.01601403051166594,2.6838388152263293,1.593881071606956,115.78687,5.58900926348479,r2,deep,1057.0618666929772,147,111,11,48,0.9787558602479597,-0.016844183246167183,20.781446262816115
81,0.8830647,0.6328224,17.0676,130.14228,309.26448,0.32424157719072,1.44188782280928,0.3780247345146011,0.8831379832334985,0.11686201676650154,0.04864483040959077,0.8298293413251446,4.876453718797067,310.14228,18.076005815902676,r3,deep,196.16507682590841,194,156,8,48,0.841331750775831,-0.014657324823399034,24.495402524241467
82,2.2435916,0.6253872,9.8289,168.05282,116.2708,0.8404781313324798,3.6467050686675195,1.8889828322854376,1.069937922450211,0.06993792245021102,0.022228544774208665,3.360591371776511,1.4236226616584766,348.05282,4.4635001226199496,r5,tail,4435.587275000629,139,25,80,47,1.064380734790887,0.002166241443416576,14.187633584298974
83,0.6618334,0.5330718,26.45905,155.74474,197.85461,0.30902867816188,1.0146381218381202,0.9617560225162155,0.31429205893557943,0.0382439774837845,0.02346675965136495,0.5384222773685335,1.1664823733237695,155.74474,27.85917416588051,r2,deep,1472.0704313333767,220,184,23,48,0.9630320881145611,0.0017243648185100379,16.14026586982295
84,1.9877259,0.4800069,6.69302,325.70748,173.06866,1.03360375269129,2.94184804730871,2.9221338350304613,1.0360595804127466,0.036059580412746595,0.047565197794579336,2.8024298157221277,1.5548066234131612,145.70747999999998,5.3524980057831755,r4,deep,1222.2203511860578,148,19,94,45,1.0361011781307308,-0.00012312560107558722,7.264058341006229
85,1.8451563,0.4660521,42.72023,338.02633,162.24225,0.98521733155677,2.70509526844323,2.597090228777657,1.0003692206150039,0.0003692206150038846,0.009983591088398414,2.5063962989808,1.6638359379112797,158.02632999999992,5.984688058348791,r2,deep,2514.719851032627,157,110,32,48,1.0027025439478734,-0.015526060022225058,25.97498917602763
86,1.9070776,0.6224092,55.85289,271.0619,71.46206,0.72009495664608,3.09406024335392,0.9752935547684992,1.456508645370672,0.024706445231500784,0.03701642754291053,2.633616579788743,1.6121387431861878,271.0619,5.695589902917163,r5,tail,2935.3324038971414,130,1,117,40,1.0088348528938051,-0.05572372571187728,32.918321399620915
87,2.2201799,0.7775669,3.1187,339.37397,243.2457,0.49384149771469016,3.9465183022853103,1.3505875301648675,0.6502328511131579,0.3497671488868421,0.017012987767019778,3.3081275781067045,1.4332516146357357,159.37396999999999,4.534287038767938,r5,tail,3891.7087662017248,158,24,108,48,1.0460654189678378,0.035575899453319695,22.84694867470557
88,2.6003283,0.6340735,17.09388,110.80673,207.63119,0.9515290336699501,4.24912756633005,3.5479691822780124,0.9955884157478155,0.004411584252184464,0.019212876607491467,4.193168105946425,1.3131686046023592,290.80673,3.577247470409824,r4,deep,2503.0622957711566,136,19,70,43,0.9932303373710775,-0.0037265316225868336,13.801306936565885
89,1.248516,0.3248821,15.31841,8.869,233.72605,0.8428955000364,1.6541364999636,1.3824690259325434,0.9366907528197507,0.06330924718024933,0.04613222847821373,1.3950544810837504,3.531296436017398,188.869,10.75226824714919,r6,tail,3040.065456231901,241,82,111,48,0.9141660654047462,-0.0283081337155215,11.175161653678254
90,2.1505803,0.5656677,20.05615,294.79736,326.85322,0.9340664880336901,3.3670941119663103,0.9924130165295759,2.778282420359595,0.00758698347042408,0.021999732503116962,3.1537952505625024,1.4642966873192018,294.79736,4.7561743259409885,r5,tail,2189.867651528751,164,9,133,41,0.9622355400656473,-0.056866481145031275,14.274839421393379
91,2.6887981,0.6358411,0.83203,219.82254,62.87684,0.9791497584180899,4.39844644158191,1.241766483386164,2.255590713473663,0.2417664833861639,0.009015086435592491,4.408971473044718,1.2933436105016307,219.82254,3.4021540152178393,r2,deep,1948.2484923561663,124,90,31,48,1.009868104692703,0.014623069031640491,9.61717007114992
92,2.7985809,0.6752615,6.01513,157.57903,25.86502,0.9088069635946502,4.68835483640535,0.947047464662833,3.880107296604314,0.05295253533716704,0.018267979402117253,4.6817346872114145,1.2716110977451802,157.57903,3.2039406335805123,r3,deep,2014.373858808249,108,40,46,46,0.965781378939095,-0.00974364819660979,12.208156596684384
93,1.9222931,0.5397498,22.76523,239.03405,43.4167,0.8847357837336202,2.9598504162663803,0.9786010169362055,2.2408012221550444,0.021398983063794508,0.02837697662599672,2.665197582062099,1.6005293370421838,239.03405,5.62810055845627,r8,tail,3447.395258250211,394,26,327,47,1.0133559384638924,-0.04742390763732153,20.39532041471267
94,2.7461899,0.6213942,24.8525,93.21843,178.32543,1.03972342404142,4.452656375958581,4.449537520533074,1.0398936273251407,0.03989362732514068,0.021732570389802478,4.550884866160743,1.2816199448001848,273.21843,3.2960622914317828,r1,deep,3791.767592373017,110,40,59,48,1.0409863399892372,-0.022025135391797786,15.55907410053651
95,1.6416873,0.8863572,9.90138,188.12971,222.96678,0.18656594149644007,3.09680865850356,1.0014826084115882,0.21347320718046342,0.0014826084115882043,0.0016808510637084547,2.1034667808624072,1.9062348023004887,188.12971,7.13108480555614,r8,tail,811.7827559791883,472,53,395,48,0.9768838031322753,-0.0024414000772208155,32.50093423426887
96,2.2263691,0.5350316,10.84584,132.16563,206.19444,1.0351912782364399,3.41754692176356,3.0563646002762517,1.0736220278717497,0.07362202787174965,0.047062323860815075,3.321970325195748,1.4306687252412227,312.16562999999996,4.515392532627793,r8,tail,2034.3241193465458,304,25,263,43,1.0381196416301637,-0.06327420516161651,10.914190870955894
97,2.2793664,0.6462927,8.02751,347.42493,233.52042,0.8062285350547198,3.75250426494528,2.1555439278278574,0.9588538776142506,0.04114612238574944,0.011458318709540428,3.441289529658399,1.4096195833600802,167.42493000000002,4.3588311505684265,r5,tail,3182.6711759942405,161,46,80,48,1.0589940702706213,0.034273634566835916,16.561762030966875
98,1.4421785,0.586574,5.52413,311.66594,291.99797,0.5962340885409999,2.2881229114590003,0.7755658766250579,1.2123387837555015,0.21233878375550153,0.02880917840424855,1.731922782708219,2.3662643432137154,131.66593999999998,8.660894209466083,r6,tail,4028.8319363714154,144,46,66,48,1.0531045769386989,-0.021095405091781975,16.407459298901873
99,1.6984528,0.5075685,12.15584,356.54428,224.82289,0.8363716599832001,2.5605339400168003,1.9701763602032167,0.9271144577775545,0.07288554222244548,0.0397273299600311,2.213503553378276,1.8240602157415173,176.54428000000007,6.776587269131246,r6,tail,2422.5544743199353,217,75,90,48,0.9000053014095306,-0.02312297470302883,10.94665055818053
100,2.5736093,0.7155058,5.01801,150.89053,278.15998,0.7321769189160602,4.41504168108394,1.140252917912645,1.3980341061482837,0.14025291791264505,0.02110186174866646,4.128705690922636,1.3196209866914987,150.89053,3.6330998436093354,r6,tail,4423.62091029999,124,20,75,46,1.0954882736937297,-0.006117818424645744,20.93972072569022
101,2.4205161,0.5727372,12.87861,250.069,345.65955,1.0341964863310802,3.80683571366892,1.0460662029704646,3.65420728381194,0.0460662029704646,0.028956107048114823,3.7658408620154584,1.3615537009860008,250.069,3.983174156746517,r2,deep,832.1932239812921,130,100,7,48,1.061642400188436,0.03038871994120336,11.548020140039753
102,1.1226786,0.2138661,26.06566,161.20276,102.1008,0.8825757062645401,1.3627814937354599,1.1216143167868386,1.0253585984614133,0.025358598461413306,0.014165359272618028,1.1895512743870384,6.275617392886178,341.20276,12.609796923406535,r1,deep,2105.125529547897,117,77,22,47,1.042406495362849,-0.03710511187256574,14.59648130229964
103,0.9299484,0.4065044,4.69797,311.92731,82.76506,0.55192028362704,1.30797651637296,0.7384726150747489,0.8181637423332294,0.18183625766677058,0.033536602505335855,0.8967848799508191,8.688502997656842,131.92730999999998,16.72641938479451,r3,deep,3146.1541409182155,202,130,41,48,0.8722379027505655,-0.010519008746986545,13.78666074630986
104,1.4519998,0.4078352,24.75984,68.67554,110.74277,0.85982317116704,2.04417642883296,1.4148572988758814,1.0577093183625301,0.057709318362530126,0.033469142895172686,1.7496445761976271,2.3339654974524517,248.67554,8.573169776343025,r7,tail,5415.896407238584,402,25,333,47,1.0337327092855382,0.030540401728811655,19.562255552707143
105,1.1227045,0.1645913,37.1231,156.83722,249.45499,0.93791710682915,1.3074918931708501,1.1592509664142636,1.032642424516803,0.032642424516803104,0.021007423827363165,1.1895924387358972,6.274471949764849,336.83722,12.609360577257476,r3,deep,2592.6817012861884,133,58,46,47,1.0359968529352541,0.01383695598472213,19.093636648378087
106,1.3706137,0.2691824,40.78349,190.01269,218.35394,1.00166861476112,1.73955878523888,1.6114658397839938,1.0497149709289484,0.04971497092894839,0.04753391900873801,1.6046214845753943,2.6539273338959615,10.01269000000002,9.34799897931643,r4,deep,2952.9152218187105,175,32,101,46,1.0460063576159584,-0.01785955979816489,21.371243440919564
107,1.6566052,0.4679086,6.62299,218.89189,203.11336,0.88146538011528,2.43174501988472,2.2714116361774472,0.9046114585864683,0.0953885414135317,0.050029258628097345,2.1322029033555694,1.8832339124341115,38.89188999999999,7.034977757695407,r5,tail,1602.9697405508034,160,23,113,46,0.9226147115066716,0.01400183658270962,11.192190909474972
108,2.4621481,0.6417744,19.57999,168.84081,54.50171,0.88200448041136,4.04229171958864,1.0549206804793803,2.3082590292066882,0.05492068047938026,0.040407680600309456,3.8634140846632126,1.349233457136402,168.84081,3.8825763097842003,r9,tail,4101.542885393513,220,10,198,47,1.131042862020122,-0.06323127631637561,24.67548058707082
109,1.0630885,0.4831758,8.88522,325.49909,121.45239,0.5494298635417001,1.5767471364583001,1.0896092748356976,0.650819028605174,0.08960927483569758,0.020519741436893363,1.096109975662679,11.40474719824859,325.49909,13.684758220480019,r4,deep,3268.007719599851,272,175,37,48,1.1050694114066981,-0.004366873739163945,17.03256808259784
110,2.9222508,0.7155033,13.85069,192.31083,113.63224,0.8313707091723601,5.0131308908276395,1.9998024131302632,1.1083284811666296,0.10832848116662963,0.045570816664486744,4.9954685519783215,1.25028353670932,12.31083000000001,3.002721335130746,r5,tail,876.0952726711134,249,12,219,43,1.2337334466923824,-0.05654418602413011,21.616843893054405
111,2.1909924,0.5722836,30.25143,248.22125,159.71808,0.9371233817553599,3.4448614182446398,3.180974015546431,0.9587602079463234,0.04123979205367656,0.02669427800862304,3.2431072169160324,1.4458101656749445,68.22125,4.625193987346477,r3,deep,603.3481770405838,106,59,17,48,0.956551868060544,0.008838160567910525,19.070752360984223
112,1.0853129,0.186996,62.10129,0.98343,104.96868,0.8823637289516,1.2882620710483998,1.1005164839712485,0.9991060128359144,0.000893987164085619,0.003784943969844444,1.1306610919384725,8.653387746605498,180.98343,13.266574844530211,r4,deep,4978.885490086221,212,128,25,48,0.9889575983951079,0.0524671421867318,33.76036297662257
113,1.833463,0.8651747,8.41081,38.76304,49.00459,0.24719719901390008,3.4197288009860998,0.2941309510523873,1.0661800142744142,0.06618001427441422,0.009162424576805831,2.4826084269846875,1.6744869257446413,218.76304,6.042032177510416,r4,deep,2068.808285211231,200,48,97,48,0.9033819912572861,0.015024805733134038,35.13113953839654
114,2.501242,0.6462794,28.42255,142.31976,218.49978,0.8847408209852001,4.1177431790148,2.947160261169352,0.9672898292526385,0.03271017074736149,0.04136409651007311,3.95579310267181,1.3383186729463834,322.31976,3.791907112095611,r3,deep,1183.6184940817457,106,58,27,44,0.9766524459189908,0.01631887390890108,20.973737297495877
115,1.9014803,0.5951473,3.69008,109.438,43.4671,0.7698194334518099,3.03314116654819,0.8575607853402683,2.161699267856237,0.14243921465973175,0.023347547651049554,2.6220305380727122,1.6165112040296075,109.438,5.7207571697565145,r2,deep,1406.4793466347753,170,144,2,48,0.9757794977596803,-0.022294739337579767,14.839170430240923
116,2.5405049,0.6679634,6.22709,64.2053,142.61518,0.84354060927934,4.2374691907206605,2.9983738890653,0.919155504897186,0.080844495102814,0.03219031409674339,4.049300949691153,1.3279440161855078,244.2053,3.7043430918969054,r5,tail,4337.034558407044,140,19,96,43,0.9443949964084281,-0.009727355571238078,12.326628766618112
117,0.9326616,0.0913984,18.68411,278.65037,118.23951,0.84741782201856,1.01790537798144,0.9666752130461057,0.8865315820916698,0.03332478695389429,0.05019375752356527,0.9007124052963308,9.071751692490588,278.65037,16.653484410559507,r1,deep,3415.8729813799305,154,97,43,48,0.9724324127430698,-0.022345639127223607,11.413777516674475
118,1.4900466,0.3666013,68.42022,262.94888,188.81131,0.94379357937942,2.0362996206205803,2.022484596195159,0.9467910567956218,0.05320894320437819,0.03774048658638236,1.8188621112352017,2.221206826252546,82.94887999999997,8.24691432481014,r9,tail,1889.7067499385603,425,37,367,48,0.9475932424253013,0.01703334714201212,37.246927862810146
119,2.8027314,0.6361596,13.44416,272.69833,171.76973,1.0197469136685597,4.58571588633144,4.504597892321171,1.0238468908952691,0.023846890895269146,0.03931237155929954,4.692153579856886,1.270844638060468,92.69833,3.1968263068783673,r7,tail,3410.158723596501,305,11,268,46,1.0228649561369394,0.004361704605977128,10.477435765824337
120,2.4281288,0.6737478,7.77266,261.43576,54.65804,0.79218236288336,4.064075237116641,0.9540779349949334,2.172677288446157,0.04592206500506657,0.01967465470603509,3.7836205903786415,1.3592443609076679,261.43576,3.9644567000569397,r7,tail,3115.3643239361413,283,29,240,46,1.2874223014698896,-0.09431571050207248,19.596868785395905
121,2.5188915,0.6365663,13.75276,275.18421,331.89473,0.9154500577435499,4.122332942256451,0.9594558102793865,3.416671876387542,0.040544189720613466,0.04412702012734968,3.9977367388256217,1.3335849966570963,275.18421,3.7521230085817034,r5,tail,3667.454776014911,147,17,102,47,0.9324010297245175,-0.04046527730585331,11.902332041962374
122,1.9956563,0.5058072,10.06177,164.87309,150.28551,0.98623897473464,3.0050736252653603,2.6486123798405923,1.0318135013400889,0.03181350134008887,0.01588982573527653,2.819217750444684,1.549686808935084,344.87309,5.320624842701137,r4,deep,3700.5813798096347,146,49,51,48,1.060393097939712,-0.02555986221444349,10.072962928939623
123,2.0847298,0.5932104,4.48847,227.75939,290.41368,0.8480464014500799,3.32141319854992,1.1194845669838143,1.7036088858196938,0.11948456698381427,0.019962542510017174,3.010056597650709,1.4974984292326734,227.75939,4.983295002395374,r3,deep,2452.0416205793076,173,102,60,48,1.0237202568369574,-0.016943776137191943,11.372244279610872
124,2.2344631,0.5767474,16.18609,116.62205,139.53984,0.9457423166790601,3.52318388332094,2.6572639901044757,1.0364007579579402,0.03640075795794018,0.013700842428059207,3.3401023934502114,1.4273317282179327,296.62205,4.490880288405025,r7,tail,859.4822837021692,322,37,268,48,0.9994023945475212,0.0436919350710247,12.939261412432563
125,1.6992091,0.8257849,39.01303,181.67697,123.38896,0.2960278832774099,3.10239031672259,0.9907050039776304,0.3716076773249998,0.009294996022369606,0.006074872955592421,2.214982186535956,1.823057334569741,181.67697,6.772063491607003,r2,deep,3267.807269062195,150,85,37,48,0.9391440092239572,0.025324026799157257,36.38232618998478
126,2.4077964,0.6238857,2.42699,338.65275,20.33259,0.9056066575285201,3.90998614247148,0.9278172265856167,3.5437234465748713,0.07218277341438328,0.01733729892319621,3.736195914247076,1.365470906082824,338.65275,4.014778760075493,r3,deep,883.5176036131403,123,88,7,48,0.9112989917862706,0.019689457227566695,8.354807555661663
127,2.0677254,0.6691596,2.11568,232.85463,135.64523,0.6840870984261601,3.45136370157384,2.1894064075138155,0.7723212996389955,0.22767870036100446,0.019293509628710476,2.9733038554681404,1.5067643268566782,52.854629999999986,5.04489306480191,r2,deep,332.4797964314642,221,195,5,48,0.9751496116956656,-0.018457116052075482,19.766090107522487
128,0.8278977,0.2094484,8.54804,273.62643,327.01857,0.6544958513713199,1.00129954862868,0.6732858817577355,0.9602988274679888,0.03970117253201122,0.017827508441412853,0.7532948773655039,3.0534221151197647,93.62643000000003,19.912520914066825,r2,deep,1759.4365097482344,171,138,27,48,0.9394455525576723,-0.020155736848424633,6.678148079257538
129,3.3418316,0.8320031,35.60472,80.21035,95.80133,0.56141734912204,6.1222458508779605,1.1229571896499644,0.9487315500686828,0.051268449931317184,0.04217531127912375,6.109094483776245,1.1957294004202637,260.21035,2.4553557061255296,r5,tail,2351.3647820035667,156,14,128,46,1.0382861332936257,0.05429657211038976,30.311930403921888
130,1.8896615,0.5208196,5.43674,104.69532,221.57844,0.9054887534346,2.8738342465654,2.2560296735087317,0.9909952750103308,0.0090047249896692,0.009702309772960258,2.5976224094530314,1.6259301284728247,284.69532,5.774511316738478,r9,tail,2037.4707220463897,134,80,44,48,0.9790358188009838,-0.0046892427073700485,16.66855915903148
131,8.6053869,0.8827231,133.99961,128.96684,158.413,1.00921309893261,16.20156070106739,10.603588621547054,1.043530062122496,0.043530062122496105,0.026157930772200324,25.24385062169724,1.0412475730693145,308.96684,0.5942041182539486,miss,miss,nan,0,0,0,0,nan,nan,nan
132,2.4211089,0.631387,8.56552,178.00841,243.15297,0.8924522149556999,3.9497655850443008,2.0366734676773337,1.1328992429530365,0.13289924295303646,0.04534810617036722,3.7672243647769954,1.3613729384319684,358.00841,3.9817113470192638,r8,tail,2801.5407879014288,372,19,325,48,1.063879424090081,-0.024408849659887058,16.77595998071814
133,2.8055539,0.8221067,9.62248,169.75955,102.82204,0.4990892415988701,5.11201855840113,1.1123333707539764,0.7690792800144678,0.11233337075397642,0.019435059454449247,4.6992432373817685,1.270325560075302,169.75955,3.192003316763276,r1,deep,3703.137054798507,113,45,41,47,0.9387164592605214,0.028983885635126303,25.72894070773533
134,1.3762055,0.3023014,38.14572,344.3211,220.72405,0.9601766506623001,1.7922343493377,1.622056214409863,1.017359898390429,0.017359898390429063,0.024584322540260273,1.6144512431904379,2.6274684298914637,164.3211,9.291082690337168,r6,tail,2040.879700224747,155,46,67,43,1.0165595251070583,-0.003089647512991974,20.796068630020216
135,1.7052889,0.6889445,8.74062,34.00167,99.72654,0.5304394914339501,2.8801383085660497,1.0138944843076976,0.8024788331870362,0.013894484307697574,0.004835115655685749,2.2268806816948974,1.8150751861367083,34.00167,6.735879530188108,r5,tail,3997.539563745107,235,113,71,48,0.9348907899185483,-0.03243802681370208,23.151133822043636
136,1.1049736,0.0755396,24.09941,290.33711,37.15512,1.02150433624544,1.1884428637545599,1.0362788769315179,1.169051468135156,0.03627887693151788,0.018094579671473522,1.1615231044324532,7.191064761377136,290.33711,12.91407802630783,r4,deep,237.2107114002815,159,39,54,47,1.0341291177764975,0.021093699336981353,11.891276726612126
137,2.4143354,0.5958396,18.80198,283.609,355.74077,0.97577876099816,3.8528920390018406,0.9767859859276066,3.837268310184531,0.02321401407239343,0.04157490850757978,3.751426166748907,1.3634478773535845,283.609,3.99847933379412,r8,tail,1607.197490033346,396,44,323,48,0.9793566154271204,-0.06713902627813824,14.448555181833438
138,3.2876537,0.6836654,46.98405,187.08625,168.80552,1.03999861812802,5.53530878187198,5.316689335086402,1.0480959033962647,0.04809590339626468,0.045572427239939005,5.961136935615902,1.2015666999273937,7.086250000000007,2.516298511845913,r8,tail,3615.9610177395466,338,15,317,47,1.0481545458827415,-0.0005387155228853759,31.4209916428835
139,3.0387546,0.6736503,57.84046,177.37634,204.636,0.9916966520836199,5.08581254791638,4.281365791092272,1.0294124125822988,0.029412412582298764,0.02419121334322297,5.297164305311035,1.2327116044327326,357.37634,2.8317037447678794,r8,tail,4233.630526676329,323,24,277,45,1.0309595144274086,0.007450558063490173,34.372511911433776
140,2.7252728,0.6949311,14.10845,92.64957,248.42475,0.8313959752959199,4.61914962470408,1.8928657141665666,1.1223509994236132,0.12235099942361316,0.0455036296037167,4.49898942707165,1.2857968052898385,272.64957,3.334082074018867,r4,deep,1375.0905570264365,133,18,79,42,1.0609665517319533,-0.029749458377917787,17.158655110883657
141,1.2189153,0.5698609,3.20528,307.34369,324.83375,0.5243031301182299,1.91352746988177,0.5615047033258643,1.540927811791804,0.43849529667413567,0.033980993141801745,1.3457373081493056,3.892369369545022,307.34369,11.146306124654005,r7,tail,3342.0799370319423,490,71,366,48,1.0743164076999603,0.05897750761257913,20.215316107108148
142,1.6550928,0.6239317,6.0672,34.03403,92.93111,0.6224279356382401,2.6877576643617602,1.044092086267982,0.9795287116195941,0.020471288380405905,0.006460282773730166,2.1292836735199434,1.8855170967654478,214.03403,7.044622652463834,r9,tail,5381.590650112524,165,87,40,48,1.5922470508725306,-0.10534992523974468,13.247492253391185
143,1.7198356,0.56153,28.82828,222.69423,280.98297,0.754096315532,2.6855748844679996,1.0637435308014183,1.3186104615546297,0.06374353080141826,0.038280025813647686,2.255435447220056,1.796536374860473,222.69423,6.650600449899064,r6,tail,920.7499888764751,162,42,73,48,1.0713114162063215,0.007317930876459995,20.895446813833107
144,17.8136156,0.9469937,19.56623,48.89139,333.20875,0.9442338525782791,34.68299734742172,0.9962494784830056,11.886704199500322,0.0037505215169943984,0.005193414548284095,75.1844651651643,1.0134799111616375,48.89139,0.19950929978750512,miss,miss,nan,0,0,0,0,nan,nan,nan
145,1.7723384,0.4846564,15.15631,61.2066,232.43344,0.91336325147424,2.63131354852576,1.9247761549337514,1.046734561997353,0.04673456199735293,0.02174153467704224,2.3594999403591754,1.7355645780578728,241.2066,6.357279245244067,r5,tail,661.9920405864818,368,34,317,47,1.0816836663115188,0.02961793399715334,15.968238956289245
146,1.4913987,0.5783451,7.79145,110.66657,97.80704,0.6288555697086301,2.3539418302913697,1.07717486986137,0.9202550937096305,0.0771748698613699,0.01993969895631346,1.8213383840690112,2.2175249804421377,110.66657,8.23570190536963,r4,deep,2319.317080539603,206,107,48,48,1.055734628591142,0.004663801200545085,16.670802493103604
147,2.6301994,0.6401361,70.55951,18.46202,13.16707,0.94651381386166,4.31388498613834,0.9563265358146935,4.1211573101854215,0.04367346418530649,0.042723184805252626,4.26562832456101,1.306219783947528,18.46202,3.516480775793728,r7,tail,5122.601194649575,291,21,235,48,0.9577675101221343,-0.014621382250289803,42.46944402171207
148,2.5128427,0.6316815,9.87177,48.48253,325.71499,0.92552645399995,4.10015894600005,0.9922731170610911,3.1588382998468907,0.0077268829389088856,0.0013137843598848224,3.983345297019162,1.3351941865392383,48.48253,3.76567906659382,r8,tail,4892.597134503157,168,8,146,42,0.926191475272581,-0.08129542184179905,16.335667357409907
149,2.0334038,0.5609582,6.50656,111.23173,104.54677,0.8927492644788401,3.17405833552116,1.6220903024050328,1.2214472645331518,0.22144726453315178,0.04946873950747382,2.899582341570846,1.5264315097670667,291.23172999999997,5.173158832204008,r4,deep,5401.693418230146,152,30,87,48,0.9185797049217894,0.08273165614568748,8.365797493144697
150,2.1345095,0.5147127,7.35457,116.19322,182.65206,1.03585035207935,3.23316864792065,3.2294999232034054,1.0362274929654,0.036227492965400065,0.01821245383649847,3.1185099787839454,1.4720298747773728,296.19322,4.809989418680395,r8,tail,5092.094025888273,291,34,229,47,1.0782740383030496,-0.07004826848988593,12.377343233997857
151,2.5857049,0.633655,11.22959,154.89353,161.15463,0.9472600615905001,4.2241497384095,3.8657168440571277,0.9673742382157683,0.03262576178423171,0.034037898028676586,4.157846363190114,1.3166715175432986,334.89353,3.607636908568028,r5,tail,3381.0971758688393,169,49,102,48,0.9866130855990167,-0.02463518690001712,12.57419573899302
152,3.2012994,0.7597263,13.50267,202.66443,238.6247,0.7691880516457801,5.63341074835422,2.23930770727427,0.9699152058070184,0.0300847941929816,0.01284754292830769,5.727821032401537,1.2115139285405736,22.66443000000004,2.6187969063884773,r4,deep,715.6654507503684,163,59,47,47,1.012808104855296,0.020978975333284976,18.51760660608033
153,1.1824116,0.6294724,1.52282,272.10936,140.23618,0.43811613236015995,1.9267070676398401,1.3831686646209589,0.4811063600499828,0.3831686646209589,0.010213646219796197,1.2857396072023919,4.49968983925876,272.10936,11.666436902133022,r2,deep,4866.310071740108,203,137,25,48,1.0611493175902176,0.009140574582516428,19.6927184788908
154,1.7870592,0.4456396,9.93722,58.61606,27.69964,0.99067485293568,2.58344354706432,1.0269553307773784,2.36551460280507,0.02695533077737844,0.031440517597034943,2.3889574219987644,1.7199644741888205,58.61606,6.278889636906956,r6,tail,1937.0602018314335,146,19,90,45,1.0171769227695557,0.012163968588320733,7.640365070765561
155,1.2344234,0.2800086,19.00837,286.22318,306.85627,0.8887742319587602,1.58007256804124,0.9740458352084849,1.3672750737652932,0.025954164791515133,0.03821865438723425,1.371501284139249,3.6917807358780808,286.22318,10.936920127941377,r2,deep,169.89508628367844,145,106,7,48,0.9711948041926558,-0.004868858242574143,12.828901847802808
156,1.8597596,0.4519655,26.05772,173.52007,3.5577,1.0192124225062,2.7003067774938003,1.019824206552004,2.696021838580616,0.01982420655200401,0.02520476986542788,2.5362100186984438,1.6509526613081535,173.52007,5.914336702958788,r5,tail,605.0247313005297,146,24,84,46,1.0194608058537433,0.04544819392793482,15.452468070876854
157,2.7471745,0.7063586,20.66508,138.78161,235.30583,0.8066841662243001,4.6876648337757,2.3020439580645085,0.9817668319281128,0.01823316807188724,0.021861014107956604,4.553332549864694,1.2814259532331356,318.78161,3.2942904643425917,r7,tail,1575.9818064491724,429,26,366,48,1.0197523808618352,0.03141132901154682,21.28104182856636
158,2.8512813,0.6598776,20.67934,38.60318,347.10424,0.9697846388311202,4.73277796116888,0.9796071776281504,4.511987400751417,0.020392822371849584,0.012950820268109937,4.81459874928767,1.262150770165994,38.60318,3.1155244250041148,r7,tail,4769.050929263106,382,23,328,47,0.9730464273283013,-0.03263565052909918,15.322113118744197
159,2.6909603,0.6769401,5.39883,105.20898,246.81591,0.8693413654219698,4.51257923457803,1.9875091360984156,1.151070476264883,0.1510704762648829,0.026784007325288104,4.414290761077776,1.2928865963613285,285.20898,3.3980543674784256,r3,deep,3288.252473514267,107,49,39,48,1.0545361761052712,-0.019297329475653182,17.8369565195458
160,2.3202498,0.5611728,1.94299,264.05008,278.72548,1.0181887230345599,3.62231087696544,1.4648644296903357,1.7374804924940745,0.4648644296903357,0.039148173956699,3.5342894625199937,1.394587916964166,264.05008,4.2441345450252985,r3,deep,2815.1923346526933,141,39,83,48,1.0780308522846658,-0.02758837115915503,7.173276218121248
161,2.6899898,0.7933788,17.17979,353.93105,95.746,0.55580892046376,4.824170679536241,1.082783571644301,0.9234263562169907,0.07657364378300935,0.025136159219198127,4.411902942742463,1.293091572879329,173.93105000000003,3.3998934687978237,r1,deep,3881.39266829013,119,45,61,47,1.1976703037968879,-0.03979915225563807,25.821300237547426
162,0.8649325,0.2085728,16.72622,96.44687,16.61338,0.684531106664,1.045333893336,0.6894983321519393,1.0339590392756912,0.033959039275691216,0.015248938758482865,0.8044023379259045,4.112535545650769,276.44687,18.647384887861534,r2,deep,3709.030340974195,151,87,40,48,1.0294345717956517,0.01601895435878245,7.6549732008469045
163,1.0494373,0.4990536,26.60392,165.54034,72.16443,0.5257118374607199,1.5731627625392797,0.6835823966357213,0.9302641720664628,0.06973582793353716,0.04919824774457757,1.0750650524318957,14.321778478837013,345.54034,13.952644043324286,r4,deep,2182.027640481983,118,66,29,48,0.9567082565006143,-0.02128736262444062,18.557628844567837
164,1.5428663,0.6459551,7.30927,243.71849,76.88929,0.54624394489687,2.5394886551031304,0.7841901914814559,1.0534487016244998,0.05344870162449977,0.011749735027201582,1.9164277004912758,2.0911935545640135,63.718489999999974,7.827062819095525,r3,deep,1729.8586473074156,153,86,33,48,0.8904866644359376,-0.024044693898515077,23.938501623617856
165,1.198012,0.8502024,19.13504,303.99962,224.53117,0.1794593223712,2.2165646776288,0.8429086315089941,0.2067365610634712,0.1570913684910059,0.03909011198802739,1.3112688739772396,4.212656592426011,303.99962,11.439301502294612,r7,tail,519.3167517283431,448,68,345,48,1.0017291504329506,0.0364583800417336,30.16293854748762
166,2.820635,0.6509089,20.77419,76.38375,20.49371,0.9846585748484998,4.6566114251515,1.0098578542915415,4.165095928047149,0.009857854291541512,0.023395410249723945,4.737184895435214,1.267581087898929,76.38375,3.1664375216711744,r6,tail,4696.362146281705,118,20,73,43,1.0217451290108488,-0.027072828030924156,16.92137120777302
167,2.7239489,0.6517055,73.64108,249.00759,145.39576,0.9487364201510499,4.49916137984895,3.380250741596488,1.0199282417267113,0.01992824172671126,0.032997568846040305,4.4957115045738725,1.2860647964488992,69.00759,3.3365130268566423,r3,deep,4815.613401567203,104,37,50,48,1.0150609559976025,0.019675617331418135,41.129949218588074
168,1.6075949,0.3799384,23.65377,3.07513,27.01906,0.99680786584584,2.2183819341541597,1.0276907600575116,2.0793219596031807,0.027690760057511588,0.02330560021178584,2.0382850993228874,1.9631266023678324,3.07513,7.359127535683285,r7,tail,1295.18471750588,450,55,363,47,1.0197032681409974,0.02654115506072245,15.204898036674019
169,2.3875802,0.6134804,12.81196,41.67682,233.72284,0.9228465438719199,3.85231385612808,2.3374797728894876,1.092446257732045,0.09244625773204507,0.04393908560415388,3.6892403758143426,1.3718522185645772,221.67682,4.065877652845806,r6,tail,552.6595045593695,142,2,107,47,1.0946682659911584,0.0013551691690423886,14.905084320788623
170,1.5519617,0.4781415,3.58083,135.03605,160.00503,0.80990440481945,2.2940189951805503,2.1739561427858063,0.8260101193706603,0.17398988062933973,0.04501325207587697,1.933399041775956,2.0713531461285024,315.03605,7.758357005401999,r6,tail,5283.299662208806,135,40,61,47,1.227482188943722,0.07059233745787083,12.534701680204039
171,1.4778142,0.7523783,18.03421,139.50669,303.92609,0.36593886448813995,2.5896895355118605,0.45161945018948835,1.1054732497192394,0.10547324971923944,0.02540556088913488,1.796510471352989,2.255476275536409,319.50669,8.349519938340906,r2,deep,4144.0628940850465,140,85,43,48,1.0604349840919576,-0.012788119570037481,24.78276128777957
172,1.3355986,0.30557,17.25133,116.63182,133.85767,0.9274797357979999,1.743717464202,1.5361163902102672,0.9993147323557269,0.0006852676442731243,0.015828148845921163,1.543525940808557,2.839838588959315,296.63182,9.718009657902112,r8,tail,5060.941303219979,331,14,289,48,1.0232064328007975,-0.03681225799050189,9.690855714919936
173,1.9033297,0.5521532,8.2711,238.33422,114.7426,0.85240011548996,2.95425928451004,1.7207111349709707,1.0746942174778045,0.07469421747780447,0.029103172016429462,2.625856790317776,1.6150603213980173,58.33421999999996,5.712421201075757,r8,tail,4599.673179897638,433,43,339,47,0.9404774678889666,0.05223605272891342,19.944999197875244
174,1.871303,0.4865443,14.39783,10.77506,217.49146,0.9608311917770999,2.7817748082229,2.3264241411124926,1.0304985925538057,0.030498592553805715,0.022764615401951717,2.559859744013475,1.6410832793383257,190.77506,5.859696038065842,r1,deep,86.17572199623926,149,121,11,48,1.061815995779868,0.0336422809101217,15.426958617712472
175,1.8146854,0.4508695,13.20499,120.97348,13.20651,0.9964991010446999,2.6328716989553,1.0047568312854576,2.576914934923697,0.004756831285457563,0.01965419368269327,2.4445674104681014,1.692248760946336,120.97348,6.136054966521747,r7,tail,2528.4864449038528,459,12,419,42,1.0007032719989193,0.015048469757218411,10.80876635941304
176,2.651727,0.6186491,2.63958,305.16698,42.22519,1.0112384780043002,4.2922155219957,1.1225725382676084,3.020643341275928,0.12257253826760839,0.024668626642475905,4.31810517342461,1.3013768243421597,305.16698,3.4737458671262,r9,tail,2174.020141235321,159,104,36,48,1.1315221248988054,0.05198416094177123,15.090650963725736
177,2.6775747,0.7347815,5.37753,52.45999,309.87022,0.7101423455719501,4.64500705442805,0.8374675576609367,2.3289545591627974,0.16253244233906328,0.03132696202526787,4.381394852498245,1.2957359443725358,52.45999,3.4235672668139214,r6,tail,2617.610386401664,139,19,93,43,0.9076983683493373,0.015914247173482745,17.609380477085786
178,1.9499674,0.754667,12.37568,102.72819,263.65389,0.47839135214420003,3.4215434478558,0.9158112943714177,0.7747874582754773,0.08418870562858227,0.017478649860754234,2.7229585236865272,1.580397024218755,102.72819,5.508714095171738,r4,deep,4699.6526219581265,196,61,71,48,0.9183504882738326,0.043893063645661035,25.125554225643604
179,1.6284721,0.7761449,34.254,40.072,110.83482,0.36454178479270993,2.89240241520729,0.894376426703143,0.5074066994252822,0.10562357329685701,0.04983113155006162,2.078119337165836,1.9275411037787369,40.072,7.218064781812376,r2,deep,4602.358825331299,119,56,34,47,0.9923004999674212,-0.05608200397086688,30.054604230902086
180,2.0023318,0.6066269,31.29757,44.62004,291.22498,0.78766346739458,3.2170001326054196,1.0376048672123552,1.6216172483855205,0.03760486721235523,0.034088184456323306,2.833375061022828,1.545442130887341,44.62004,5.2940396795139115,r9,tail,3036.4700845961693,412,33,348,47,1.0882051411441396,0.05562785857939335,23.05347155693385
181,1.6376834,0.417425,4.68129,268.50377,24.9458,0.9540734067550001,2.321293393245,0.9810264223518781,2.1758469057939256,0.01897357764812191,0.017043968443452767,2.0957762784549803,1.912595043041064,268.50377,7.157252495985925,r4,deep,3988.6617384469914,188,54,71,46,0.9656093442812,0.011743481287177202,7.8640595368703226
182,1.7732549,0.7441422,9.06773,159.49235,79.18077,0.45370109755322,3.09280870244678,0.6943323432573887,0.9198003097378914,0.0801996902621086,0.016689276055647934,2.3613303706257667,1.7345755457878511,339.49235,6.352351279005872,r7,tail,5088.690878091881,139,105,10,48,0.9045521456453511,0.002823271169506279,24.030093640301146
183,1.0348698,0.1921328,21.47,322.74951,99.04605,0.83603736769056,1.23370223230944,1.0277134583087466,0.9674423886125371,0.027713458308746608,0.012219309398179142,1.0527580477720782,19.95445419663999,322.74951,14.248288133958294,r1,deep,2455.5159078324477,181,121,31,48,1.0430658817097591,-0.02889445426896814,12.120606727748065
184,2.5105878,0.6197731,10.13806,61.82536,314.56221,0.9545930163718201,4.06658258362818,1.0775948699330635,2.7361200834609924,0.07759486993306353,0.0467894903467077,3.977984816238576,1.3357975482437405,61.82536,3.7707534575718675,r9,tail,1090.2311909906234,118,26,72,47,1.1422227807068095,0.03409677252897404,14.46285869105367
185,1.6398395,0.7381438,16.44727,322.05585,71.9113,0.42940214007989996,2.8502768599201,0.607201001521283,0.968277930438572,0.03172206956142798,0.005708711878031371,2.0999164469893308,1.9091599664112489,142.05585000000002,7.143141348078699,r4,deep,448.4345903599865,142,54,23,48,1.0820912244824126,-0.03609712870363355,22.728994880325963
186,1.1897113,0.2780801,30.12309,292.44372,84.19068,0.85887626272487,1.5205463372751298,1.0676614625739884,1.1295045383416769,0.06766146257398842,0.043580566036340244,1.2976643685164475,4.359488423098732,292.44372,11.559229307612664,r5,tail,2751.4294887887677,188,57,80,48,1.095119542357156,0.06028290307035364,15.998205844276475
187,2.6372059,0.6065703,13.3569,80.57269,190.76452,1.03755512607523,4.236856673924771,4.124946752983008,1.044494556577775,0.04449455657777501,0.026227409650629863,4.282684267081263,1.3046287484995112,260.57268999999997,3.50247626594776,r2,deep,4062.988218688565,122,72,26,48,1.0644656847016496,0.04406011632751072,11.406868599142612
188,2.065409,0.8867094,25.14721,30.23893,49.95877,0.23399142485540003,3.8968265751446,0.281112143912409,1.0277695423987934,0.027769542398793368,0.008807450602120357,2.968308923520126,1.5080503309468305,210.23893,5.053382375784343,r7,tail,781.4906742272173,362,20,322,48,0.9678277919609027,0.015860462257335534,34.877970351846024
189,1.4672226,0.4814932,3.12476,73.38514,280.06988,0.7607648952136798,2.17368030478632,1.039549702538561,1.230677098631321,0.03954970253856094,0.006794668319977295,1.7772315398163865,2.286617885110839,73.38514,8.440093293386925,r2,deep,3158.416763245926,258,195,22,48,0.9255002392547864,-0.014601119780931471,13.9641311283302
190,0.7186981,0.4176323,7.36842,81.65754,167.51212,0.41854655949137004,1.01884964050863,1.0018522314110307,0.42148416858465965,0.001852231411030747,0.010585820176409624,0.6092839600642302,1.559403499698633,81.65754,24.61906267550308,r4,deep,2650.0730885600274,232,191,15,48,1.0160087980606274,-0.016842465219962542,7.507042972392579
191,1.3733016,0.7314486,5.04225,359.93571,120.90302,0.36880206730224,2.37780113269776,1.0227824298862453,0.46418507711159185,0.022782429886245348,0.0028294738613880983,1.6093440143180757,2.6411090886305204,359.93571,9.320567800636411,r3,deep,5075.907367481999,111,43,44,48,0.9856348578303473,0.003212225281939064,25.844031314858377
192,2.8207652,0.7585161,5.67243,22.1116,47.80584,0.68116938148028,4.96036101851972,0.7935635254174909,2.441863473322713,0.20643647458250913,0.04558914635790259,4.737512900613638,1.2675576049077495,22.1116,3.166218291048261,r2,deep,581.5852752137721,124,100,3,48,0.937076932198257,-0.032695736262270285,20.465484263686992
193,1.5997395,0.5030596,23.07163,191.10298,290.99488,0.7949751870258,2.4045038129742,1.0124183530718986,1.457613026306508,0.012418353071898647,0.008979592255554619,2.023363458628114,1.977169930750279,191.10298,7.413398683284682,r2,deep,4386.686693766147,135,81,25,48,1.0464061711909514,0.03296127320465096,17.08679246004666
194,1.4585197,0.5620711,39.93236,314.32185,268.33837,0.63872792784933,2.27831147215067,1.0142692929868384,0.9817377886514511,0.014269292986838433,0.0032006113633950154,1.7614424123876633,2.3132969529032263,314.32185,8.5157481700848,r1,deep,1695.6185541292734,223,158,31,48,1.01272348462076,-0.0017372089516424572,27.984850482830833
195,1.2690923,0.5141334,19.42916,54.20354,263.94,0.6166095608871801,1.9215750391128201,0.9872120329640806,0.8855634105509368,0.012787967035919445,0.0025736342492589967,1.4296831993118697,3.3272960208858127,54.20354,10.491834839508325,r1,deep,5271.5518044651735,149,96,23,48,0.8818565555237066,-0.0025438606932534926,20.75367772621278
196,2.2978714,0.5803493,9.52381,84.80995,187.05031,0.9643033415199801,3.63143945848002,3.5938595499693355,0.9669883813797957,0.0330116186202043,0.046070811136407604,3.4832815521900278,1.4026929604974077,264.80995,4.3062841103295595,r2,deep,5185.8731347000985,133,36,80,48,1.0650973798600043,0.10113510352341443,11.977253992969755
197,1.6918546,0.4624185,5.8333,352.06267,333.21962,0.9095097336499,2.4741994663501004,0.941439297683299,2.2652046704707782,0.05856070231670096,0.02940579789815242,2.200617461993941,1.832904760804692,352.06267,6.816268733234881,r3,deep,3394.383436003589,150,61,53,48,1.0706486199389655,0.0570456035844109,13.371184569266212
198,1.0869937,0.7245234,34.03784,38.83283,308.11171,0.29944132869741996,1.87454607130258,0.35682908578308825,0.9340969170085801,0.06590308299141989,0.0359183123356553,1.1332886532015263,8.50251409989151,218.83283,13.235815921764669,r3,deep,3565.8089846146886,225,132,64,48,0.861285219912069,-0.0383265114596004,33.89273181266911
199,2.3232849,0.5777828,28.06534,74.44268,153.53473,0.9809308452802799,3.66563895471972,3.205891370202632,1.0200773004147292,0.020077300414729216,0.004089197130710307,3.541226493050012,1.3935107723514197,254.44268,4.235820563705514,r8,tail,543.0018689232999,438,15,402,48,1.0249862062826955,-0.013243242300906635,19.050212772107965
200,2.1084489,0.602473,16.07668,194.71649,243.0644,0.8381653658702999,3.3787324341297,1.8472868477171727,1.0551678421522475,0.05516784215224746,0.03154343838992115,3.0615730056224613,1.4850664988689377,14.716490000000022,4.899442205837677,r3,deep,3027.9374997928317,109,44,33,48,1.0932562311174618,0.02449257803165764,13.818962664990632
201,1.9241439,0.5740776,6.40373,222.60435,221.65785,0.8195359878333601,3.02875181216664,2.2588579173197014,0.9027958858799539,0.09720411412004615,0.03206882522307952,2.669047620448949,1.5991440793828366,42.60435000000001,5.619982155836138,r3,deep,1252.5184448057921,166,78,55,47,0.961408887359843,0.021932372660276943,12.851622589897637
202,1.7700822,0.6007455,5.54384,156.84047,90.61416,0.7067132837198999,2.8334511162801,1.1385999365685329,1.1240301009123002,0.12403010091230016,0.018134882711050272,2.3549958830153774,1.738009622416433,336.84047,6.369437886572328,r4,deep,4264.315504660732,173,63,59,48,0.970240257325215,0.02685939545877532,14.75071900110168
203,1.8204548,0.5677589,4.84751,197.06965,31.12818,0.7868753852522801,2.8540342147477196,0.8301638286464387,2.400101936963527,0.16983617135356133,0.045485235142830385,2.456234632118249,1.6867025257773143,197.06965,6.106908437759485,r7,tail,1096.9150446158985,421,20,375,45,0.9277756756226554,-0.031106669030134985,14.05780246664708
204,3.2104465,0.6984358,10.00804,340.1136,337.2506,0.9681557304152999,5.4527372695847,1.000151663877788,4.620272495096564,0.00015166387778808854,0.007159905443995467,5.752387787857968,1.2104205390298606,340.1136,2.607612795448478,r8,tail,961.2188516064289,146,2,131,46,0.990412996894069,-0.01116733621109285,11.53644094394029
205,2.0590426,0.5537607,7.75324,113.04616,300.31278,0.9188257284941801,3.1992594715058202,1.115780984428711,1.98143487967764,0.11578098442871099,0.04886292232753733,2.954595267694317,1.5116148680640273,113.04616,5.076837482280807,r2,deep,5042.774131251698,162,99,43,48,1.0151268607808956,-0.03979943677204726,10.704370894825066
206,2.8183551,0.8056228,6.09413,211.06792,287.89761,0.54782397294372,5.08888622705628,0.7928647866883982,1.3146453503769002,0.20713521331160178,0.03222227973292153,4.731442504929933,1.2679928737154098,211.06792,3.170280518968735,r1,deep,1431.2946744979065,149,70,58,48,0.9025122770732215,-0.040101029070090485,24.60154820201136
207,1.5456527,0.4716797,13.53154,303.58001,231.23185,0.8165996981598102,2.27470570184019,1.7054941527498704,0.927758079007347,0.07224192099265303,0.035066016422463014,1.9216216155946781,2.0850439953654387,123.58001000000002,7.805907197478104,r3,deep,4867.192619788938,110,52,34,48,0.9463983713748456,0.014956091651195979,11.3548647480421
208,1.6427096,0.3831233,3.41388,72.98582,319.5807,1.01334927710632,2.2720699228936803,1.085088904601635,1.978746652565123,0.08508890460163498,0.039642908787880786,2.105431870823639,1.9046238184311772,72.98582,7.124429057935768,r9,tail,4915.861328487582,156,14,115,46,1.6465135284132417,-0.04410614799039564,7.528953353257172
209,1.7469491,0.4782407,10.99257,50.12548,147.55732,0.9114869395516301,2.58241126044837,2.259220836984675,0.9599573597428915,0.040042640257108464,0.03675148801347335,2.308981094509871,1.7639529739537112,230.12548,6.496371943306906,r2,deep,1536.2331539822123,147,108,7,48,0.9432014238409222,0.019075968461747455,10.529416926537868
210,0.9466308,0.123851,22.32417,331.11156,46.04864,0.8293896287892,1.0638719712108,0.8583296586112699,1.0197680675994576,0.019768067599457595,0.030059060266701035,0.9210239978166265,11.662074204238774,151.11156,16.286220593121246,r1,deep,1882.1507091979006,178,89,65,47,1.0167145479276023,0.011718634667057018,12.16433286363347
211,2.5029378,0.6954981,0.79236,180.21677,345.98384,0.7621493156818201,4.24372628431818,0.7715723607026456,3.973518914909365,0.22842763929735443,0.011812489154091952,3.9598167262351276,1.3378587569751303,180.21677,3.7880541037720046,r2,deep,2968.010743466255,173,120,17,48,1.0195318824439457,0.011314026308051004,15.995378486899073
212,2.3841115,0.6584107,3.85786,54.49466,337.6108,0.81438697840695,3.9538360215930504,0.8395116296155353,3.452231877369876,0.16048837038446473,0.03589738666980302,3.6812036494805387,1.3729668204031207,54.49466,4.074754191367999,r9,tail,2455.5131940675656,194,50,114,48,1.2055044555846557,-0.07937761249536997,19.70382185558728
213,2.1175518,0.6647149,59.33202,33.49564,251.1095,0.7099835670181801,3.52512003298182,1.506030788833293,0.9726069741414493,0.027393025858550746,0.029373169034717015,3.081421187522354,1.4804409631240292,213.49564,4.867883709224734,r8,tail,2292.478311489381,349,12,315,47,0.9602986876354582,-0.020543678889551255,34.40390800067799
214,1.573215,0.5374907,13.7949,159.69,90.95239,0.7276265683995,2.4188034316005,1.1288037496863679,1.1088130104015559,0.10881301040155589,0.03930126256848767,1.9732500291019164,2.027485199176174,339.69,7.6016722558098415,r1,deep,4681.116294437579,122,56,44,47,1.1347799362293665,-0.011620071294407426,16.34467725131452
215,1.9046562,0.6261117,2.13279,75.47581,120.47166,0.7121286687024599,3.09718373129754,1.6967263604595448,0.8789320680945637,0.1210679319054363,0.011629127133779288,2.6286023518361326,1.6140234286611288,255.47581,5.7064546067693325,r1,deep,2766.8674211648795,128,75,21,48,1.0697968789675647,-0.01549525777996899,17.30092979166557
216,2.8898049,0.7531963,39.21257,268.05495,246.33087,0.7132145415981299,5.06639525840187,1.7923715648141179,0.9600968260510757,0.039903173948924286,0.01840209604204328,4.912502503396568,1.2555908907743492,88.05495000000002,3.0534335584824244,r9,tail,4302.579558149041,371,34,317,48,1.677051619823269,-0.07263645091645875,21.915840988509494
217,2.7002874,0.7185112,15.72955,226.40736,234.72024,0.76010065988112,4.64047414011888,2.232853276945942,0.9231453916912487,0.07685460830875135,0.03740597301620226,4.437261104225635,1.290929309609514,46.40736000000004,3.3804636796593726,r6,tail,739.3850182581184,136,7,86,45,0.9215340450945562,-0.0010553852503239196,18.856238793280884
218,2.7628538,0.6530511,24.23489,173.91597,183.78498,0.95856908677082,4.567138513229179,4.548464381288972,0.959395795782557,0.04060420421744304,0.04711137496035062,4.592369843299449,1.278367774928636,353.91597,3.266287453282084,r6,tail,324.5627886576168,131,16,94,46,0.9593087104338566,-0.0014075725483573987,16.573479476381912
219,2.9104022,0.7189268,54.50065,187.46839,120.40785,0.8180360596410401,5.00276834035896,2.2105228338321803,1.0309834637434048,0.03098346374340477,0.02505533331467833,4.965117322051123,1.2521993471513997,7.468389999999999,3.02107664875951,r9,tail,3488.918427406857,246,9,225,45,1.0144594179863209,0.029909593661366907,37.652264190634725
220,1.8959431,0.7678837,13.76438,22.58099,65.38508,0.4400792973825301,3.35180690261747,0.5894735458079587,1.143856775341027,0.14385677534102692,0.03161952448810861,2.6105856659615942,1.6208921519259603,202.58098999999999,5.745837110644993,r9,tail,3245.6097082439087,325,26,260,48,1.3839381361854468,-0.05801432383558771,19.972914159858053
221,1.9258613,0.4745003,1.67978,285.28603,186.46494,1.01203953539161,2.8396830646083897,2.8234709280075485,1.014114791296812,0.014114791296812035,0.028759703495056854,2.6726218165294364,1.5978637789592653,105.28602999999998,5.6124663456793975,r1,deep,4397.368025207877,91,32,39,47,1.121389114401908,0.020842450880359943,7.473774284921499
222,0.9589853,0.1520306,21.61632,288.01435,297.66152,0.81319018944982,1.1047804105501802,0.8750585287106005,1.0079617148982283,0.007961714898228278,0.022812519682465546,0.9391131570208076,15.4239095192001,108.01434999999998,15.97251607845129,r1,deep,3631.516332403965,188,150,18,48,1.016998222110205,0.023359362331862504,11.707974414111344
223,2.4928794,0.8250702,10.89224,141.43021,290.69225,0.43607889486612006,4.54967990513388,0.616222761718184,1.1233822741717343,0.12338227417173431,0.019206713531323538,3.9359711204539236,1.3406028053318837,321.43021,3.811003572168003,r8,tail,4340.565079011257,315,21,261,48,0.6823653019884565,0.02030605595359172,26.69137510085722
224,2.5876625,0.6445716,4.49003,134.62065,296.45179,0.9197287421149999,4.255596257884999,1.17514966614051,2.1217621626348766,0.17514966614051009,0.0373405345720504,4.16256902531714,1.3161986321862875,134.62065,3.6035438472656134,r2,deep,2455.1279158340353,184,150,28,48,0.9541816068411251,-0.046767444933574556,9.3623561420149
225,2.2193037,0.5945363,8.14565,107.52446,139.38745,0.89984708962569,3.5387603103743106,2.6151198158715623,0.9886374907096932,0.0113625092903068,0.013527985215667416,3.30616942909688,1.4336194849272677,287.52446,4.536972566495914,r2,deep,3038.3168345225263,170,116,38,48,1.0399671289315828,-0.02481917861799565,13.879782840889826
226,1.0297117,0.0739217,45.86726,150.72865,322.15149,0.9535936606261101,1.10582973937389,0.9676046595621689,1.087567572410849,0.0323953404378311,0.021794660731606345,1.0448969731017634,23.27321645344334,150.72865,14.355482297429468,r2,deep,719.9949975094486,186,154,5,48,0.9676928219032745,0.0014745093776948564,23.26743559161192
227,1.6169191,0.4510506,25.31356,350.18774,129.62796,0.8876067697935399,2.34623143020646,1.8081233179125147,1.000219231016144,0.00021923101614396145,0.006061519101240402,2.0560441531562605,1.9469301042113076,170.18774000000008,7.295563170165048,r4,deep,5335.881821036858,154,40,56,48,0.976281104375639,0.03948836504948654,20.37637368580139
228,1.4766837,0.4087554,7.15733,320.05713,215.21576,0.87308126353302,2.08028613646698,1.8466383170933374,0.9220436960214219,0.07795630397857811,0.03264628220379244,1.794449420686665,2.2587333742853914,140.05712999999997,8.359109945968882,r6,tail,3336.354072974005,181,102,53,48,0.8957031849450685,-0.02154823710265549,6.6925404107716355
229,1.0695645,0.1943873,24.832,39.09556,78.30472,0.8616547446691499,1.27747425533085,0.9901346215198248,1.0713651200904297,0.009865378480175213,0.003031100415276919,1.1061409480155797,10.421434598956258,39.09556,13.560658817404821,r2,deep,2043.632443722343,150,122,6,48,1.0059306702061044,-0.03590640995695499,13.886918388323812
230,1.3361826,0.6030516,8.26679,87.66314,115.45272,0.53039554517784,2.1419696548221605,1.1477029276090867,0.6752469033893012,0.14770292760908665,0.03032597995056561,1.544538428033654,2.8364176860961536,87.66314,9.71163923651705,r5,tail,4956.698228345609,133,49,59,47,1.0237034920500379,0.02336810341089948,17.416288819866665
231,1.5453773,0.4921133,19.07078,358.77697,106.81633,0.7848765771519101,2.30587802284809,1.3655372103059447,1.0251705711999513,0.025170571199951253,0.01858088262968035,1.921108054865207,2.085648958032766,178.77697,7.807993913727285,r6,tail,1236.8895421241618,226,54,120,48,1.0370121384334736,-0.00934377199375684,15.4896197965996
232,2.2446158,0.5974925,55.01316,16.90762,319.39785,0.9034746941185,3.5857569058815,0.9928797763287028,2.641674831861335,0.007120223671297166,0.006765290812295376,3.362892800295486,1.4232100583974638,16.90762,4.4604454827349835,r4,deep,4446.746927563618,107,23,48,48,0.9794701303146445,-0.042376612566140955,32.98850192417081
233,2.0188289,0.5270505,10.12318,306.8226,189.05043,0.95480411884055,3.0828536811594502,3.040667869878495,0.9589245553957491,0.041075444604250944,0.02407235364207529,2.868463114668487,1.5351992191600878,126.82260000000002,5.229281116879056,r5,tail,1674.5998707740364,173,65,77,48,1.0010699728817953,0.06288851171169052,11.848151889681084
234,2.7659172,0.6897943,18.71928,178.94914,134.44864,0.8580032811680401,4.67383111883196,2.804578013530808,0.9776183402043879,0.02238165979561213,0.018516981416171408,4.600009859239303,1.2777770170360878,358.94914,3.260862576168593,r7,tail,4368.247917167641,437,36,361,47,0.9868954027830605,-0.008845514355331287,15.18546211176106
235,2.0347462,0.8301183,9.20708,16.51692,130.85357,0.34566614352454,3.72382625647546,1.3842780130034986,0.4099860138950954,0.3842780130034986,0.040668975584803174,2.9024541580391596,1.525636844269977,16.51692,5.168040280137862,r4,deep,1491.7788967567312,181,48,89,48,1.0396860141225386,0.036603688495352726,29.101691175845
236,2.4821903,0.6104356,75.65689,179.32276,358.13064,0.9669729749053201,3.99740762509468,0.9671680808720927,3.994076820847259,0.03283191912790728,0.029400022485684418,3.9106829795610647,1.3435619773853906,179.32276,3.835647143579918,r4,deep,3531.9461918355173,116,8,71,41,0.9675078131479036,0.02004606140989646,42.889368041187375
237,2.2359478,0.7350665,5.83305,297.38763,247.47933,0.5923774764713001,3.8795181235286997,1.4305852072772534,0.8020132884891701,0.19798671151082992,0.0323848265335491,3.34343196758727,1.4267245705577583,117.38763,4.486408021881926,r3,deep,4189.246090852257,124,41,57,44,0.9698791556305624,0.03022943319610096,17.991871581035554
238,1.7270961,0.4871616,10.90394,53.30016,143.74672,0.8857212005702401,2.56847099942976,2.1695061538193063,0.9456928837759344,0.05430711622406559,0.043772019569940875,2.2697329124721284,1.78756720423434,233.30016,6.608707093938391,r2,deep,455.71175346578343,139,108,12,48,0.9093420864880142,0.03952039552790307,10.013207984175878
239,0.9684505,0.6556432,36.24349,208.83489,43.96009,0.3334925151384,1.6034084848616001,0.37511165270142316,1.0456242342680644,0.04562423426806439,0.027518766658046652,0.9530510004165333,20.29970838296955,28.834889999999973,15.738926871116249,r1,deep,5089.76588661143,98,53,24,47,1.0523157978432236,-0.0046078444293238706,25.811249453512097
240,1.4480275,0.3110773,28.00194,137.21706,211.36896,0.9975790149742501,1.89847598502575,1.7809334479345413,1.033418845210523,0.033418845210523074,0.018044821688614023,1.742469619065185,2.346856456240003,317.21706,8.608471468241339,r8,tail,1306.799572510976,334,38,277,48,1.0276617696106307,-0.02194461397659329,16.565414698701577
241,1.3406221,0.7960261,31.4187,213.02113,233.47471,0.2734519181631901,2.40779228183681,0.9333051810829432,0.33324365115360116,0.06669481891705675,0.03061057528165474,1.5522424695564048,2.810798797860045,213.02113,9.663438730861845,r7,tail,3891.6325643670793,166,29,86,47,0.9525743161275204,0.008314716095368782,32.374876067872165
242,1.7115612,0.467301,1.91954,277.35076,44.64222,0.9117469396788,2.5113754603212,1.003991467815377,2.0041713418658382,0.003991467815376959,0.0025646862971967638,2.2391781577505823,1.8069864641701319,277.35076,6.698886351708876,r7,tail,2670.760338201,454,64,343,48,1.3100306606960486,-0.029790372702739754,13.962512882746317
243,2.4093191,0.6573556,15.64982,126.38707,305.5637,0.8255396974280399,3.99309850257196,0.9897923686771429,2.2150946672495655,0.01020763132285707,0.004075522170571358,3.7397406522139596,1.364998051619196,126.38707,4.010973325414923,r9,tail,2693.6122513580463,273,11,230,43,1.0586045551754237,0.045389527716344975,18.522170807330067
244,1.6336517,0.3995551,19.45987,74.90308,156.34575,0.9809178316413301,2.28638556835867,2.1653277012799093,1.0050240450763843,0.00502404507638432,0.010924221738972846,2.0880418725708383,1.919082275424923,254.90308,7.183763983397375,r4,deep,2826.564701034885,173,47,75,48,0.998960359332591,0.01837184676618882,12.279437997825905
245,1.9986322,0.5919158,7.7007,298.62405,110.25573,0.81561022243124,3.18165417756876,1.6330373788022987,1.0775607612091844,0.07756076120918443,0.02725824778470181,2.8255260789279677,1.5477872989835595,118.62405000000001,5.308745904653319,r3,deep,3837.7459113690243,97,71,11,44,0.9816202115886319,0.02909765889944528,18.070787481225942
246,2.2008739,0.599006,9.59103,194.24203,323.76554,0.8825372286565999,3.5192105713434003,0.9514692794102081,2.7304109908303684,0.04853072058979191,0.028046885609473795,3.2650718321493915,1.4414871024426061,194.24203,4.594079631664803,r7,tail,4594.9078785559,399,35,342,47,1.0007745991114745,0.030558223715693406,14.557824297263968
247,1.7440386,0.4334635,8.69826,130.33277,0.82792,0.9880615243089,2.5000156756911003,0.988092717336057,2.4998159993490217,0.01190728266394303,0.002955235000722397,2.3032131906674054,1.7673341607967283,130.33277,6.512640714624176,r9,tail,5189.582985827277,303,32,234,48,0.9890412783021141,-0.009941376596779818,10.118383079907705
248,1.9002843,0.5490427,8.97249,339.42683,222.03114,0.85694707716039,2.94362152283961,2.2416229469021856,0.9429110383608423,0.057088961639157665,0.022719503150930725,2.619557105644764,1.6174527570004325,159.42683,5.726158810463488,r1,deep,1164.2259761699056,236,135,67,48,0.983792063494367,0.02256648665857276,15.552567130411113
249,2.0385349,0.5429831,17.09824,311.52793,326.17635,0.93164490053981,3.1454248994601905,0.9906459928685052,2.6188288559454405,0.009354007131494813,0.02055056124499727,2.910564490449466,1.5234055196769345,311.52793,5.153639456957579,r8,tail,250.58480868029253,579,89,458,48,0.9925750379929645,0.002704248131817418,15.784429320713295
250,1.6487207,0.7321107,3.77164,299.94859,315.19266,0.44167463421851,2.85576676578149,0.5035014987137663,1.5918817979412068,0.49649850128623374,0.02970371527012376,2.1169989174225647,1.8952560153840294,299.94859,7.08550197005411,r3,deep,1363.4960710825194,181,102,44,48,0.8828282318852978,-0.03305221458113425,23.981432271313746
251,3.0686144,0.6953931,16.40099,329.9873,214.63901,0.93472111967936,5.20250768032064,3.7037789761721727,1.0080052762379734,0.008005276237973424,0.014365819081329268,5.3754333085977715,1.2285487926498593,149.9873,2.790472718917032,r7,tail,3832.2804421394167,244,15,207,44,0.9927925774536998,-0.0179141680462147,15.240225802935363
252,2.6931172,0.6523674,15.97737,21.45675,28.04922,0.9362153343407199,4.450019065659281,0.9817411742111931,3.646307264909424,0.018258825788806887,0.013715052412072885,4.419599140049001,1.292431936915761,21.45675,3.3939729655739077,r2,deep,2770.7040892656305,124,74,38,48,0.989010326089908,-0.009937409746963104,12.758795735750514
253,1.3228073,0.4257499,38.24694,116.68273,105.45442,0.75962222430573,1.88599237569427,1.2216250387152008,0.9726804235010338,0.027319576498966214,0.03903464082208206,1.5214051232922716,2.917894465028979,296.68273,9.859306880432007,r5,tail,1171.0639314751008,153,53,69,48,1.0087856709966376,-0.059851971123037445,23.380393264259066
254,2.6708403,0.7024474,5.85396,13.78257,319.89695,0.7947154754497798,4.54696512455022,0.8800933378934763,2.9240127900401416,0.11990666210652368,0.032402921312887856,4.364875702754558,1.297187797808216,13.78257,3.4365239749058363,r7,tail,3707.460466103151,371,21,307,47,0.970155906371305,0.02681207500741173,15.9245004270422
255,1.0548885,0.3501936,1.97262,299.46913,24.07594,0.6854732985863999,1.4243037014135997,0.7012969079743634,1.3605184704600464,0.2987030920256366,0.028123315423188137,1.0834524020390488,12.982878569895238,299.46913,13.844632188520805,r3,deep,3947.2986797969966,114,82,25,48,0.8944880947889058,-0.02672873140843453,13.587664958027666
256,1.3650562,0.3767097,8.6717,358.6164,289.82431,0.8508262884148601,1.8792861115851398,1.0386471556813348,1.3429053314297015,0.03864715568133481,0.014338263650615949,1.594871868730836,2.6810342740420863,358.6164,9.405144258978416,r6,tail,5036.51126158332,151,51,57,48,1.004143219020413,-0.01689602483678503,12.129962423585607
257,1.1327841,0.2519251,17.74569,36.09232,76.66188,0.84740735232909,1.41816084767091,1.0026198664604205,1.1263523359724976,0.0026198664604204502,0.007652184515539296,1.2056485184586667,5.862665714759281,36.09232,12.44143692821553,r6,tail,2283.9696250879256,282,142,88,48,0.9896628136272048,0.01716291282933179,11.43541553401191
258,2.0032005,0.5285458,2.34859,306.96917,2.34618,0.9444172891671002,3.0619837108328998,0.9446911189695397,3.0591087975427946,0.05530888103046028,0.024018589062528475,2.8352191259204047,1.5448940597207852,306.96917,5.290596364445204,r9,tail,1416.5746944325092,204,97,64,48,1.0866326134689888,0.035988373224257846,12.640710634280836
259,2.6081047,0.7264292,8.34621,14.76716,103.83136,0.71350128926276,4.502708110737241,1.490687942093133,1.0495420371852013,0.04954203718520134,0.011898786486659504,4.211991951610418,1.3113332832290017,194.76716,3.561260366194404,r4,deep,1681.4290458134763,181,10,123,48,1.0565153039683277,-0.0016819363143009821,20.995407092730247
260,1.8760759,0.6999942,47.70709,271.09639,269.11718,0.56283365124022,3.1893181487597797,0.9672458486123495,0.9466046554057211,0.032754151387650476,0.02734589820748174,2.569659660409813,1.6370807794977134,271.09639,5.837348903086947,r1,deep,4808.233038158317,153,89,42,48,0.9687438657472309,0.023644588597635918,30.240969055871556
261,1.2601754,0.2638519,23.24895,31.55547,46.34009,0.9276757263767401,1.59267507362326,0.9917841798922645,1.433581874295961,0.008215820107735472,0.003632307848594337,1.414641831495768,3.411720005173203,31.55547,10.603390671785654,r2,deep,3828.244822868393,138,80,23,48,1.0097469152239706,-0.04181251286350973,13.766576760537017
262,2.2374745,0.8467604,15.83674,77.65134,234.99443,0.34286969739020007,4.1320793026097995,1.231302372447998,0.42618105531925693,0.2313023724479979,0.04598525449315237,3.3468568835045307,1.426101824541901,77.65134,4.481816976976122,r7,tail,4089.215520419638,410,14,343,41,0.9951420414930909,-0.045138704437781514,29.213395722824423
263,1.7033695,0.4514134,4.64461,144.35835,197.95871,0.9344456825486999,2.4722933174513,2.376997357552443,0.9488232419740866,0.05117675802591337,0.03218951439614566,2.2231220178523703,1.8175799187687416,324.35835,6.747267976991489,r6,tail,4192.388361679065,177,62,68,48,0.9807685179249234,0.01925514427994133,9.182106243892644
264,2.6346737,0.7089438,8.17004,321.04994,303.04123,0.76683811536194,4.5025092846380605,0.945142126870313,2.136237943906136,0.05485787312968704,0.020725130801634517,4.276517507700801,1.305202092663842,321.04994,3.507526854032337,r6,tail,1033.2134633519936,165,22,86,45,0.9868306087451469,0.013404620383658132,19.322095813799024
265,1.5854827,0.8298543,18.97022,141.40332,47.17056,0.2697630638293899,2.90120233617061,0.31558806918336585,1.1325620928263789,0.13256209282637887,0.025758015989999543,1.9963756375107848,2.0036375462754887,321.40332,7.513616034056099,r9,tail,3439.4761094735136,146,90,35,48,1.1795908837179099,-0.011097404471541866,33.29759296565572
266,1.8534617,0.5713813,5.70303,6.10124,79.73389,0.7944283443537901,2.91249505564621,1.132976879332755,1.3898841105735347,0.13297687933275504,0.02642487883823644,2.5233379785353884,1.656453140465551,6.10124,5.944506890316133,r8,tail,1856.9858052873194,356,72,237,48,0.9650571609506804,0.06314364639113779,15.078322207619921
267,1.4525646,0.7875134,5.44387,160.47465,108.05991,0.30865051313436,2.59647868686564,0.7299175677827021,0.44345314850534445,0.2700824322172979,0.026585379240885346,1.7506655426068867,2.3321511954941117,160.47465,8.568170010168677,r6,tail,3678.4055183543833,163,56,65,48,0.9689679323537238,-0.023928655500643006,25.030371369043255
268,2.2851226,0.5645735,14.38466,116.19778,202.83046,0.9950029357889,3.5752422642110995,3.2455601051417027,1.0239499246679495,0.02394992466794954,0.0059905847360421285,3.4543334515638033,1.4074425988705161,296.19777999999997,4.342371751403845,r1,deep,3110.757446349321,159,69,67,48,1.0075565095341914,-0.03366890682705055,12.347916393396252
269,1.0462949,0.2614281,13.47265,104.47484,294.31512,0.7727640122533099,1.31982578774669,0.8800535048766968,1.092374071227841,0.09237407122784091,0.047482178791979836,1.0702399606397555,15.236910028021935,284.47484,14.015548429936663,r5,tail,2035.1936004175645,158,65,68,47,0.9376492819781875,0.05875131968068936,10.70068904980275
270,1.6131222,0.4573236,7.03616,90.70575,25.18669,0.8754033482560799,2.35084105174392,0.9023244219543294,2.1764614405658813,0.09767557804567062,0.046042605479357165,2.04880630557826,1.95346490069837,90.70575,7.321336311372961,r1,deep,1103.239210569434,168,79,70,48,0.9191444262260922,-0.013293183724441831,8.663957795173385
271,1.7609225,0.4444335,15.73453,210.87182,191.27555,0.9783095500962501,2.5435354499037497,2.504858513688879,0.9841543626074403,0.01584563739255973,0.01110986419832512,2.3367398447619396,1.748088720418213,30.871820000000014,6.419199823901731,r2,deep,2400.8709631628694,135,99,28,48,0.9792586821768764,-0.031105043599335493,9.555554521929231
272,1.0011647,0.6323842,2.63724,19.28184,200.25742,0.36804396212226004,1.6342854378777398,1.4771167881325606,0.3770795380718453,0.47711678813256064,0.023409351695253287,1.00174755859858,573.2268774349258,19.28184,14.97383235052215,r1,deep,293.51491048915926,153,84,43,48,1.00064847026191,-0.023404501233446975,23.90222082867983
273,1.0798307,0.3558265,10.31047,234.38229,289.53049,0.69559832142645,1.46406307857355,0.8428488738499975,1.0704464538925227,0.07044645389252269,0.03437687289258935,1.1221050210660386,9.18967140965616,54.38229000000001,13.36773271520475,r2,deep,4633.532605846414,220,173,34,48,0.9845504263552469,-0.038852124806825865,12.474146858024197
274,1.9415749,0.5246188,9.1404,308.19497,38.36743,0.9229882058518799,2.9601615941481203,0.9970805292312716,2.3904639275257282,0.0029194707687284494,0.01126218902966623,2.7053983662726084,1.5863732602169913,308.19497,5.544469970485866,r2,deep,3388.097491758474,135,96,23,48,1.0304456749067046,-0.02122591516691982,12.37098219133508
275,2.1642406,0.6038118,23.29362,344.4869,122.66643,0.85744658768092,3.4710346123190794,2.040045419909024,1.0371649641834133,0.03716496418341331,0.03315528708300117,3.1838918691057896,1.4578981286328325,164.4869,4.711215272588016,r5,tail,1391.8251687862564,129,33,75,46,1.0006303622460566,0.0389156434371442,17.719676871047625
276,2.3588705,0.5957228,6.73598,0.07695,336.92428,0.9536375609026,3.7641034390973998,0.9830003524465317,3.367113397767484,0.016999647553468278,0.011778028296225517,3.62289834820305,1.381257626962593,0.07695,4.14033145794443,r3,deep,1879.05049396611,134,45,68,48,1.0357249973905662,0.03134626177843092,12.537766527771302
277,2.0579468,0.5333723,40.35278,58.22184,0.56745,0.9602949820063599,3.1555986179936397,0.9603113641716108,3.155421731878373,0.03968863582838922,0.02810065159826814,2.952236976494155,1.5122328959242486,58.22184,5.080892936248236,r3,deep,283.77571881025426,127,49,46,48,0.9603129256865499,0.012602336473013382,24.52681121717233
278,2.3312231,0.8971259,8.35561,297.22413,233.21614,0.2398224783117099,4.42262372168829,0.9830827302366553,0.29597597071374193,0.016917269763344733,0.00602871013433621,3.559391481904633,1.3907178745690854,297.22413,4.2142034885057065,r1,deep,240.12636494050776,125,77,15,48,1.1150521526904231,0.012726688074006575,34.158513526221476
279,1.8785895,0.6542666,7.14292,178.12913,284.6217,0.6494911350392999,3.1076878649607003,0.9221318747282465,1.286991439638049,0.07786812527175346,0.017403263784618667,2.574825703699496,1.634990905756017,178.12913,5.825637043489227,r2,deep,265.26856259768783,150,114,13,48,1.0094030178294844,-0.0434888109793458,18.913829818358955
280,1.4898909,0.3766319,36.78219,164.91856,342.88937,0.92875045954029,2.0510313404597103,0.940135017279026,1.9976105855987747,0.05986498272097396,0.05193101480216597,1.8185770301184006,2.2216321289339844,164.91856,8.248207115550892,r8,tail,2974.016233185034,411,57,335,48,0.9481206836570333,0.05117545745046547,24.39673297465329
281,1.2314876,0.4863989,21.38605,21.49671,87.27348,0.63249338599636,1.8304818140036399,0.9188770396342658,0.9624050317107887,0.03759496828921127,0.024925982595914765,1.3666114807110923,3.7276832631110333,201.49671,10.976052968759646,r1,deep,4527.575725740875,129,70,14,47,0.9335662151929945,0.02111274532913224,18.06550089347424
282,2.8622597,0.6655032,31.15841,137.24402,32.40405,0.9574167104189601,4.76710268958104,1.0209381731005098,3.639578947156367,0.020938173100509827,0.031737029620702045,4.842432255537797,1.2602518231931814,137.24402,3.0976169016811803,r4,deep,1999.3489962008712,120,14,69,40,1.0134971457824575,0.01731149656751793,19.844967021892447
283,1.6012102,0.3935463,8.07603,111.95181,136.69473,0.9710598502677399,2.23136054973226,1.8962907261832254,1.051951231212809,0.05195123121280898,0.019351003135457574,2.0261543297033993,1.974512284413438,291.95181,7.4031872992595735,r7,tail,2351.121425229571,402,39,350,48,1.0987965800706079,-0.028540148786920225,12.024227383513027
284,2.0839918,0.6247885,1.79833,271.37599,90.51293,0.7819376892657002,3.3860459107343,1.2776294408162094,1.263416784314413,0.26341678431441307,0.01287665209623867,3.0084583868225243,1.4978943086702667,91.37599,4.985942323717069,r6,tail,3465.6417678371245,476,93,337,48,0.9393313959085283,0.01685017325144553,16.688856725994977
285,1.806807,0.4745797,35.13666,193.47036,135.81748,0.9493330759820999,2.6642809240179,2.1220789712422126,1.0444181968256012,0.04441819682560122,0.04001042827567763,2.4286651818949108,1.6999540638861583,13.470360000000028,6.176232159056437,r3,deep,5445.774983696132,91,31,31,46,1.0543109042739858,-0.022637411104429978,20.699938436635392
286,1.2294271,0.3545467,10.38842,241.00265,245.9192,0.7935377788044301,1.6653164211955702,1.2566800326096335,0.9390390622757415,0.06096093772425848,0.026736655708388412,1.3631830360201596,3.7534325693133197,61.00265000000002,11.00365805885672,r3,deep,3417.3109700632544,177,74,73,48,1.0352364652185257,0.057312383542395734,8.666703970926294
287,2.8115977,0.6453388,9.76964,79.08291,348.67889,0.9971646141992401,4.6260307858007605,1.004833208063808,4.467847089470061,0.004833208063808048,0.018346545207694624,4.7144362674436655,1.269219856796255,79.08291,3.1817165720502003,r7,tail,1712.7562257116479,361,15,325,48,1.0071330249731711,0.00470605452732493,10.638838883520416
288,1.4205196,0.3100408,9.33904,83.16315,337.96093,0.98010056680032,1.8609386331996798,0.9973482470714651,1.80177618752437,0.002651752928534923,0.011249527589893204,1.693054138116323,2.4428887225432865,83.16315,8.859728500288163,r9,tail,4602.228754786855,447,43,350,46,1.0202824690229086,0.032984757537587055,8.647148092704226
289,1.9169005,0.6086928,5.82974,188.72262,271.31616,0.7500969673335999,3.0837040326664,1.1900373796520987,1.2237856446051703,0.19003737965209866,0.032783505092470216,2.6539904512957184,1.6045984118086116,188.72262,5.651866604371833,r4,deep,884.5261600478223,174,57,68,48,1.0723714863072757,-0.01995706923495905,15.757440490551813
290,2.2370779,0.7053356,7.30064,21.40878,247.02418,0.6591872171567601,3.81496858284324,1.5512217528617334,0.8814518577188438,0.11854814228115618,0.027560552740140423,3.3459670602115725,1.4262634445983289,201.40878,4.483008867114047,r4,deep,3134.4263929148237,167,37,83,48,0.9541013338102562,0.017587054229890566,20.377170239447214
291,2.0010871,0.6036324,3.57805,158.02876,300.30027,0.79316609121796,3.2090081087820397,0.9750068667035886,1.828959534868051,0.024993133296411396,0.0031639847075853214,2.830733525431735,1.5462291404556947,158.02876,5.2989798810936275,r3,deep,382.16651115774624,131,70,27,47,0.9531518135606504,-0.0034733874120187985,16.85200269426044
292,1.3473749,0.4608939,2.51747,126.7835,42.72015,0.7263780275768899,1.96837177242311,0.792735034334097,1.6044354415819297,0.20726496566590302,0.02628925191333441,1.5639853441824774,2.773095720154831,126.7835,9.590882712421301,r1,deep,766.579202361926,285,194,67,48,0.8806454744681127,-0.013781930543416995,12.412896649202297
293,1.1141409,0.8020542,2.35416,51.88447,317.76389,0.22053951176321995,2.00774228823678,0.24935231923644433,0.9784573439519431,0.02154265604805694,0.004789461597422332,1.176007729294365,6.681568667518829,231.88447,12.755018208086428,r1,deep,2629.059276488429,206,138,32,48,0.9153362763064993,0.037558986117459635,27.80087823122225
294,0.7812752,0.336871,3.7759,187.91609,60.17505,0.5180862421008,1.0444641578991998,0.5932237512303277,0.832012706108697,0.16798729389130296,0.03539587321660382,0.690567377067322,2.2317213050207885,7.916089999999997,21.721269347679716,r1,deep,2533.499126424166,138,95,23,48,0.9567874201702968,-0.0268487945227618,11.013946439726503
295,1.8981802,0.4494911,12.40454,84.2559,193.42209,1.0449650939037802,2.75139530609622,2.6913735402364836,1.0538915589241082,0.05389155892410824,0.03455790968454987,2.6152075322054364,1.619115488295538,264.2559,5.735682470809618,r4,deep,990.0679816356206,174,49,50,46,1.04833295454964,-0.020283348474482914,9.638042679148423
296,0.6352314,0.5311116,18.943,37.00648,353.01317,0.29785263477576,0.97261016522424,0.29862184912593065,0.9644974869060825,0.0355025130939175,0.04035763183756541,0.5062883524360839,1.0254737860332528,217.00648,29.627385121196653,r3,deep,3216.3110768704846,159,96,41,48,0.9356395218856345,-0.0432767484130479,15.566622331643764
297,0.6950149,0.3798994,24.30945,81.11844,183.66291,0.43097915649894,0.95905064350106,0.9578518783002532,0.43122167846677084,0.0421481216997468,0.026716910141209343,0.5794169195668989,1.3776515188633751,81.11844,25.888094554111678,r3,deep,949.8169743405836,150,115,15,48,0.9581493772176102,0.00335599523694099,13.33588295195558
298,1.2994529,0.3037728,29.79622,138.73493,299.65389,0.90471445409888,1.6941913459011197,1.025426212070731,1.3881774918512029,0.025426212070730925,0.03553095172743025,1.4812924661180322,3.077738735587771,138.73493,10.126291966710625,r7,tail,2152.089373580905,376,43,291,47,1.032554537666665,0.015304655139890978,16.96642208323035
299,1.0593695,0.4440101,11.16926,157.86367,296.70833,0.5889987423680499,1.52974025763195,0.709026847821678,1.0625655439038388,0.06256554390383884,0.019162275059467528,1.0903632305317126,12.066448090842155,337.86367,13.756883559513733,r4,deep,2918.386172650284,149,112,26,48,1.0410504325463994,-0.008324128858127307,14.706747449879373
300,1.8957515,0.8108675,20.38021,229.11004,65.24267,0.3585482205737501,3.4329547794262503,0.48469468360876844,0.983124735789623,0.016875264210376995,0.004395625061462126,2.6101899455601796,1.6210447424276417,49.110040000000026,5.746708213903878,r5,tail,4154.191840987934,178,39,69,47,0.909403292640838,0.022652519789419148,30.25206509133261
