id,a,e,i,q,Q,P_yr,U_opik,node_gap_AU,r_asc,r_desc,n_routes,n_routes_first3,n_routes_ge20,n_routes_ge28,n_leaf_routes,max_route_len,min_cost_per_target,min_leg_index,min_dv_est,median_dv_est,t_flyby_min_yr,t_flyby_max_yr
1,1.7689528,0.4232224,22.14242,1.02029235049728,2.51761324950272,2.3527423367860414,0.44985752829443987,0.05675314325960179,1.0567531432596018,2.320088510256315,8348,2887,3386,978,8348,35,0.0419,1,0.0,0.779,1.75,13.57
2,1.9810687,0.6361991,6.66957,0.72071457602183,3.24142282397817,2.7883629569787973,0.5814383168748226,0.12415426810593133,1.8041919618624902,0.8758457318940687,14217,2799,3421,570,14217,34,0.0432,1,0.0,1.063,1.68,13.26
3,2.2005608,0.8591108,17.51489,0.3100352506633601,4.091086349336639,3.2643751150647793,1.04764435176198,0.060591645774532465,0.9394083542254675,0.4157358099893976,7536,0,4327,739,7536,37,0.0393,4,0.048,1.306,1.86,14.99
4,1.2714646,0.8896723,22.31053,0.14027776494942004,2.40265143505058,1.433693808249929,1.1228862656857905,0.10467098004854036,0.15556908042485434,0.8953290199514596,35333,21919,12802,1694,35333,38,0.0386,1,0.0,0.657,0.86,13.8
5,1.0838865,0.4771016,37.03321,0.5667625166315999,1.6010104833684,1.1284328244621453,0.7852269862792318,0.045020983057373565,0.9549790169426264,0.7452289284784704,17420,338,9990,3097,17418,37,0.0394,1,0.0,0.773,0.67,14.47
6,1.6213702,0.6575603,24.37798,0.5552215248769401,2.6875188751230605,2.064539896831726,0.7972714440279308,0.06694514053753342,0.8091151619415348,1.0669451405375334,22246,11608,9203,1088,22246,37,0.0395,1,0.0,0.55,1.55,13.98
7,2.0774415,0.5069959,43.64693,1.0241871770101498,3.1306958229898503,2.994285481814835,0.8489321246135015,0.025982960366226715,1.0259829603662267,3.114034909452442,11970,3458,4363,544,11970,37,0.0394,2,0.032,0.935,1.64,13.66
8,1.7533776,0.4398616,42.03945,0.9821341234598401,2.52462107654016,2.3217378472787393,0.8144383631049924,0.015640807147084823,0.9843591928529152,2.5100364474381096,16378,3106,4557,336,16378,36,0.0408,2,0.032,0.906,1.34,12.98
9,1.2458036,0.3355178,13.33676,0.82781431689592,1.6637928831040798,1.3905108189981652,0.3887230018472194,0.06195861176967643,1.0619586117696764,1.1528966541312966,25671,375,16385,5531,25671,37,0.0393,1,0.0,0.654,0.78,14.77
10,1.7762319,0.6504315,39.82206,0.6209147209351499,2.93154907906485,2.3672792870260952,0.93916082008967,0.00031431563688411046,1.0504665975370564,1.000314315636884,10757,4540,2801,257,10757,38,0.0386,1,0.0,1.084,2.4,14.56
11,2.4391983,0.6118902,39.51172,0.9466767643733399,3.93171983562666,3.8095235529992837,0.8270380578319431,0.036195750527213466,3.66148411107719,0.9638042494727865,10877,4547,3321,318,10877,36,0.0407,1,0.0,0.72,1.03,12.5
12,2.5430471,0.6246302,0.44808,0.9545830813175799,4.13151111868242,4.055380474097104,0.3408650230918415,0.42877315725339904,1.428773157253399,1.695723519563432,16077,3463,4927,1064,16077,36,0.0405,2,0.034,0.749,2.9,11.47
13,2.1785708,0.7108614,2.52172,0.62990891111288,3.72723268888712,3.2155666632068702,0.68319845662055,0.023500591188402642,1.2022691250665256,0.9764994088115974,18745,4439,13376,4254,18745,36,0.0408,1,0.0,0.838,1.31,14.55
14,2.136714,0.574076,8.85374,0.910077773736,3.363350226264,3.1233423746955378,0.4083460198089816,0.03907038018238096,0.960929619817619,2.813170288099414,30868,428,16932,6793,30868,38,0.0384,3,0.05,0.566,2.94,12.5
15,2.7243079,0.6415852,13.83947,0.9764322711169201,4.47218352888308,4.496600295259262,0.4175296211173209,0.013353354239010962,4.26972880090327,0.986646645760989,5730,0,1665,144,5730,38,0.0386,4,0.017,0.795,5.4,14.54
16,2.2620457,0.5935572,23.15184,0.9193921880359599,3.6046992119640398,3.402139067419935,0.5762390025971306,0.007129625149317365,2.6869447073363535,1.0071296251493174,11979,5288,4236,1433,11979,37,0.0396,1,0.0,0.698,2.04,12.31
17,2.2301886,0.5419751,39.65677,1.02148191049614,3.4388952895038605,3.3305226173664906,0.7868669420780144,0.022857695991073124,1.0228576959910731,3.4233935437879857,12811,783,5756,2182,12811,38,0.0384,1,0.0,0.623,3.57,13.61
18,2.2052447,0.6598497,3.02961,0.7501146462784101,3.6603747537215905,3.274803006848003,0.5639093675324965,0.24466465289802974,3.5409467163804904,0.7553353471019703,10939,23,4331,571,10939,38,0.0386,2,0.078,0.583,3.03,13.32
19,1.9236716,0.6388452,10.7844,0.69474323196368,3.15259996803632,2.6680649648649353,0.619491972598084,0.005885524363906991,1.3321630940305393,0.994114475636093,10842,299,5084,1492,10842,37,0.0393,1,0.0,0.719,0.86,14.58
20,1.961768,0.4930609,5.31181,0.9944969043287999,2.9290390956712002,2.7477136371484523,0.2522649086305278,0.04965132133442407,2.5364930153074567,1.049651321334424,28215,9678,11550,4590,28215,38,0.0384,1,0.0,0.755,2.53,13.87
21,1.7597807,0.5788447,7.13333,0.7411409686427101,2.77842043135729,2.334467464514723,0.5338789161874705,0.0975415996679152,1.663607312021508,0.9024584003320848,10237,68,3096,267,10237,38,0.0384,2,0.051,0.891,2.57,14.62
22,2.1223157,0.653834,34.88704,0.7346735366061999,3.5099578633938004,3.091825539053706,0.8487945393731866,0.03937071676083925,1.0393707167608393,1.4621339192968439,6277,516,1672,217,6277,33,0.0438,2,0.077,0.891,3.39,13.08
23,2.8902616,0.8954152,24.285,0.30227743138368013,5.47824576861632,4.913667095095631,1.1287660065504952,0.1172374754159633,0.3852533460222949,1.1172374754159633,17084,1852,8516,2748,17084,36,0.0407,2,0.122,0.974,3.76,13.65
24,1.2900749,0.2993525,64.00427,0.90388775349775,1.67626204650225,1.4652859601392347,1.129090446789893,0.027699987860549724,1.0276999878605497,1.3701429056955055,10904,1402,3081,477,10904,38,0.0386,1,0.0,0.892,0.68,14.87
25,1.5415156,0.4059747,24.53703,0.91569926674468,2.16733193325532,1.9139116507043168,0.535635857296824,0.02391108903828343,0.9760889109617166,1.8904965796212745,12247,31,3491,592,12247,36,0.0407,2,0.059,0.97,2.75,14.28
26,0.8586365,0.6427473,19.2213,0.30675020794355,1.41052279205645,0.7956352557713102,0.7033993771807171,0.11340340421160577,0.35198504421178234,0.8865965957883942,14614,3294,6500,2007,14614,34,0.0429,1,0.0,0.598,0.92,14.5
27,1.7764915,0.4144802,60.6846,1.0401709477816998,2.5128120522183,2.3677982802020274,1.1177252138914258,0.04048377535649639,1.0404837753564964,2.5109882838104993,17611,798,5311,307,17611,37,0.0395,1,0.0,0.828,2.79,14.67
28,2.379216,0.5758477,5.87999,1.0091499385968001,3.7492820614032,3.6698710766676736,0.26617236444566145,0.010808341592413395,3.72656654818814,1.0108083415924134,26819,12590,12234,5097,26819,37,0.0393,1,0.0,0.209,1.22,12.46
29,1.8469723,0.5893724,51.3362,0.75841780281548,2.93552679718452,2.5100973963501163,1.0424657869386635,0.024283006873147217,0.9757169931268528,1.576537435000818,20280,4525,11745,3207,20280,37,0.0394,1,0.0,0.69,0.86,13.83
30,1.4707151,0.56018,6.35218,0.646849915282,2.294580284718,1.7835809581481306,0.568517883259554,0.1264772765619664,0.8735227234380336,1.1947812309892871,24264,8900,13755,5954,24264,38,0.0384,1,0.0,0.859,0.74,14.85
31,2.7060815,0.8582965,48.41215,0.38346121983524994,5.02870178016475,4.451550539477713,1.2287500582063777,0.10024546377973853,1.1002454637797385,0.5269270172972612,13879,4015,3994,1187,13879,34,0.0429,2,0.062,1.03,1.83,10.79
32,2.1329374,0.5261187,11.6234,1.01075914793062,3.25511565206938,3.1150653653626112,0.3132449841594286,0.0114399186147911,3.2480751186709185,1.011439918614791,14645,144,11264,3557,14645,36,0.0405,1,0.0,0.616,1.18,13.78
33,1.9713638,0.5537355,27.12971,0.8797496805250999,3.0629779194749003,2.767898536634553,0.641650365977081,0.05673095488795954,1.0567309548879595,1.93478995765835,9563,56,2291,544,9563,36,0.0407,1,0.0,0.91,1.4,12.49
34,2.626685,0.6307928,2.79844,0.969791014132,4.283578985868,4.25708175844157,0.3272841743944512,0.49137762933812934,1.683278790315695,1.4913776293381293,7519,1,5224,2215,7519,37,0.0397,2,0.056,0.865,1.22,14.14
35,1.1099069,0.292096,44.05781,0.7857075341376,1.4341062658623998,1.1693104392471376,0.8067574096256633,0.009998673920308843,1.0204744980776084,1.0099986739203088,34727,25426,19169,6667,34727,38,0.0386,1,0.0,0.775,0.84,14.91
36,2.7171262,0.784464,46.75042,0.5856385126431999,4.8486138873568,4.478831410280345,1.1095408961968962,0.057592389797158305,0.9424076102028417,1.1727859547522401,12262,549,2816,246,12262,37,0.0397,1,0.0,1.068,3.8,13.09
37,0.7532601,0.3398784,24.92726,0.49724326242815997,1.00927693757184,0.6537586458060702,0.43821885680463757,0.03157095747221628,0.9684290425277837,0.5077956171600124,16064,3446,10098,5635,16064,38,0.0384,1,0.0,0.699,1.4,14.54
38,2.1368372,0.5778302,9.53681,0.90210813335656,3.37156626664344,3.123612510048614,0.42295601858164567,0.01716063978910365,0.9828393602108964,2.5796309759635343,8512,1459,3840,1156,8512,38,0.0386,2,0.024,0.789,3.15,12.67
39,2.0053413,0.5700748,52.36973,0.86214675947076,3.14853584052924,2.8397652947556566,1.0395197118174628,0.05967770385194959,2.4152365679371535,0.9403222961480504,7808,56,2126,245,7808,35,0.0419,2,0.074,0.978,1.12,12.48
40,2.2749288,0.5664273,9.28064,0.9863470221237601,3.56351057787624,3.4312448755660925,0.32706774938015176,0.06642654825835104,1.066426548258351,2.8030596408618713,7117,458,2011,308,7117,36,0.0407,2,0.076,0.863,3.12,13.62
41,2.5345579,0.6190904,47.83485,0.9654374358658399,4.10367836413416,4.035090923276905,0.9627775685365766,0.03152444481389771,4.04967933169029,0.9684755551861023,17356,5462,6565,2536,17356,37,0.0394,1,0.0,0.897,3.3,11.4
42,1.0569542,0.3442881,25.15147,0.69305744669498,1.42085095330502,1.0866364109668516,0.5535858357560477,0.019030712683697937,1.019030712683698,0.858103395023664,32568,12426,9105,1551,32568,37,0.0396,1,0.0,0.601,1.03,14.41
43,2.1080611,0.7625195,11.62102,0.50062340405855,3.7154987959414503,3.0607283870380018,0.8279262661001259,0.15282412624138497,1.152824126241385,0.7146852473814622,16889,4374,2951,370,16889,35,0.0413,1,0.0,0.993,3.11,12.59
44,0.7615816,0.6016359,20.2845,0.30338676866055997,1.21977643133944,0.6646219254296563,0.6158346175240824,0.004087910828806773,0.9959120891711932,0.3213532492825439,18054,383,10281,2073,18054,38,0.0386,1,0.0,0.674,1.07,15.0
45,1.5062784,0.4303842,37.98278,0.85799997583872,2.15455682416128,1.8486635253240153,0.7679524039926416,0.01646373957471725,1.6316023396757184,0.9835362604252827,20441,7582,8576,2670,20441,37,0.0397,1,0.0,0.808,1.33,14.81
46,2.1965633,0.5440374,13.53118,1.00155071333258,3.3915758866674204,3.25548414638974,0.35590253081339024,0.0343018276967757,3.0631238627643556,1.0343018276967757,20111,27,15053,5336,20111,36,0.0408,2,0.061,0.273,3.27,13.13
47,2.8487174,0.6529252,1.99822,0.98871802186152,4.70871677813848,4.8081062080279215,0.3061743812383289,0.2924382472851246,1.2924382472851246,2.2219682228682185,32245,15670,11658,3927,32245,37,0.0394,1,0.0,0.456,1.89,11.93
48,2.6346507,0.8696748,5.9548,0.34336137940764005,4.92594002059236,4.276461508533989,1.0132246174631279,0.20162663851288598,0.4379846307048572,1.201626638512886,20993,16266,3182,206,20992,37,0.0397,1,0.0,0.539,1.53,14.67
49,1.0779942,0.8270189,22.80162,0.18647262250962,1.9695157774903802,1.1192436427548702,0.998101859857094,0.15710856193719014,0.1997509747976292,1.1571085619371901,19677,571,9550,2888,19677,37,0.0393,1,0.0,0.625,2.22,14.65
50,1.8662592,0.5078643,10.61149,0.9184527777734399,2.8140656222265603,2.5495171780363886,0.38830696966933237,0.11506915967135845,1.1150691596713584,1.8270179943545426,6491,31,3953,640,6491,37,0.0396,2,0.062,0.631,2.29,15.0
51,2.0361805,0.4927933,10.029,1.0327643920093499,3.03959660799065,2.9055236245451606,0.25203712656954824,0.044769333990083426,1.0447693339900834,2.9401646490381586,6829,62,3418,1060,6829,35,0.0415,2,0.022,0.745,1.88,13.6
52,1.7352089,0.5283516,42.36114,0.8184085013507599,2.65200929864924,2.2857443230069947,0.8780106764044188,0.015024538845674673,0.9849754611543253,1.713201338213516,25185,50,16462,6640,25185,38,0.0384,3,0.056,0.735,2.27,14.2
53,2.31463,0.6050551,29.53092,0.9141513138870002,3.715108686113,3.5214568130206922,0.6782880824440668,0.023445310273768616,2.5907396559277784,1.0234453102737686,4890,14,1690,196,4890,37,0.0396,2,0.036,1.02,4.26,14.88
54,1.319908,0.3266154,17.99169,0.8888057206168001,1.7510102793832003,1.5164059915196397,0.4205183326452863,0.029752284405064833,0.9702477155949352,1.5025403813851843,11197,24,6634,2099,11197,35,0.0413,1,0.0,0.829,0.96,14.7
55,1.7074001,0.4367044,22.71515,0.9617709637695601,2.45302923623044,2.231017381328187,0.4956637563839509,0.010681601529820561,0.9893183984701794,2.290368930887613,16374,6757,11519,5286,16374,37,0.0396,2,0.055,0.377,2.49,13.7
56,1.348659,0.3295322,33.46935,0.9042324326801999,1.7930855673198,1.5662216839025551,0.655167623499855,0.01671447757754818,0.9832855224224518,1.5465282009090902,16303,45,10586,3547,16303,37,0.0397,1,0.0,0.68,1.44,14.46
57,1.4229631,0.2897508,55.89453,1.01065840340452,1.83526779659548,1.6974244646441157,1.0084088300082452,0.012080374623797407,1.8305972934221597,1.0120803746237974,12413,144,6283,1708,12413,37,0.0391,1,0.0,0.575,0.59,14.18
58,3.0280445,0.727252,20.16655,0.825893081286,5.230195918714,5.269184187580908,0.6537983897035693,0.0036978526965247838,2.5106934754305317,0.9963021473034752,8915,2790,3810,1228,8915,37,0.0396,2,0.052,0.773,3.18,13.85
59,1.6359485,0.5001928,7.40973,0.8176588391292,2.4542381608708,2.09244688113823,0.4383496255521116,0.07828574465033267,1.4223447673867373,1.0782857446503327,13932,2622,5607,785,13932,38,0.0386,1,0.0,0.847,1.93,14.99
60,0.6423893,0.6883841,38.87863,0.20017871986987,1.08459988013013,0.5148698343159638,0.7335949826772784,0.029367632874118144,1.0293676328741181,0.20218093510654225,15900,164,9810,3054,15900,38,0.0386,1,0.0,0.831,1.2,14.66
61,2.5262805,0.7117857,4.44104,0.7281101659111501,4.32445083408885,4.015340273390912,0.6148556811463424,0.17667144370386634,0.8233285562961337,2.5635778351576666,14787,4066,6268,1685,14787,35,0.0415,1,0.0,0.874,0.88,13.28
62,2.387441,0.605372,23.72574,0.9421510669479999,3.832730933052,3.6889177470026633,0.5738915303033731,0.010904300240641929,3.0021180902564675,1.010904300240642,13805,5121,4373,779,13805,36,0.0408,2,0.039,0.813,3.04,14.17
63,1.7840613,0.5082827,53.19536,0.87725380547049,2.69086879452951,2.3829485127777703,1.0301654483670133,0.023845571010667754,2.052881933602302,0.9761544289893322,25040,4057,12562,4885,25040,38,0.0384,1,0.0,0.862,1.94,13.88
64,3.6552163,0.7238267,44.12226,1.0094731477847898,6.300959452215211,6.988269139017023,0.9124139426895229,0.027740446629518578,1.0277404466295186,5.67171786474638,6597,0,1537,15,6597,36,0.0403,5,0.105,0.98,7.35,14.39
65,1.2705255,0.5851656,5.05883,0.5270576834772001,2.0139933165227997,1.4321057185583643,0.6260671306193859,0.05923829622216925,0.9407617037778307,0.7513808102363959,21307,1404,10991,2672,21307,38,0.0386,1,0.0,0.562,1.26,14.26
66,1.8432235,0.5812927,38.56598,0.7717711349815499,2.91467586501845,2.5024591577789344,0.8543644906633954,0.0690828207970744,1.4216035190160303,1.0690828207970744,16689,220,7281,2142,16689,37,0.0397,2,0.025,0.976,2.93,14.99
67,1.572938,0.3950417,1.43938,0.9515618984854001,2.1943141015145997,1.972728899252403,0.24628789111461824,0.15800401988068713,1.5550353575207807,1.1580040198806871,25567,4044,12995,3845,25567,37,0.0395,1,0.0,0.418,0.48,14.95
68,1.1365852,0.1437417,13.91996,0.9732105111571601,1.29995988884284,1.2117220052794353,0.2684513820553786,0.013244089311465368,1.276552978727972,0.9867559106885346,25496,9525,10663,4617,25496,38,0.0384,1,0.0,0.639,1.6,15.0
69,2.3576072,0.5676514,6.24493,1.01930817226992,3.6959062277300796,3.6199883571832476,0.25033237973096756,0.019402549291808846,3.6946659722006583,1.0194025492918088,10099,17,2377,760,10099,37,0.0392,2,0.058,1.019,3.46,14.7
70,2.0150725,0.5332099,8.18219,0.94061589378225,3.0895291062177503,2.8604608904356503,0.355511416806674,0.05826613584437823,3.077529023419156,0.9417338641556218,20247,5321,5178,998,20247,37,0.0392,1,0.0,0.622,1.14,12.84
71,1.5075512,0.4165127,16.69512,0.87963697929976,2.13546542070024,1.8510071916042348,0.4452828081997054,0.05634682885716169,1.8335058515555176,0.9436531711428383,17740,4042,8018,2789,17740,38,0.0386,2,0.054,0.718,1.53,14.59
72,2.4449438,0.7906999,1.97391,0.5117269818343799,4.378160618165619,3.8229914011349773,0.8231681616382446,0.18000668913776696,0.7489959882190385,1.180006689137767,16895,7568,10463,2861,16895,37,0.0394,1,0.0,0.564,0.97,12.87
73,1.9672729,0.6076793,2.66375,0.7718018812190299,3.16274391878097,2.75928724957336,0.516000378899239,0.23289769584840392,1.232897695848404,1.2488243307848332,15072,352,6468,1404,15072,38,0.0386,1,0.0,0.881,1.08,14.99
74,1.84152,0.5061514,5.40987,0.909432073872,2.7736079261280002,2.4989908148930455,0.355916599558467,0.08861144825997502,2.755567069323088,0.911388551740025,25031,1136,13793,5766,25031,38,0.0384,1,0.0,0.542,1.89,14.66
75,2.4337077,0.6170326,9.6898,0.9320307102289799,3.9353846897710194,3.7966680207882697,0.4108933693547011,0.13417680610999838,2.2455054314835965,1.1341768061099984,19940,299,6690,290,19940,37,0.0396,1,0.0,1.073,4.52,12.62
76,1.4421372,0.4840079,4.09944,0.7441314023161201,2.14014299768388,1.7318483870295673,0.45853172984199525,0.004924947287451298,1.2404518534353044,0.9950750527125487,24265,72,17708,7240,24265,38,0.0384,1,0.032,0.66,0.47,14.47
77,2.5924797,0.6179423,13.23278,0.9904768314786899,4.194482568521311,4.174198009079636,0.38687046389264346,0.007949985809414084,0.9920500141905859,4.16650233724508,7781,0,3297,1095,7781,38,0.0386,4,0.056,0.724,5.24,13.69
78,1.5658196,0.407978,36.0152,0.9269996512312001,2.2046395487688,1.959352554753583,0.7163714463366323,0.03098586634018341,1.7781174586771225,1.0309858663401834,13421,18,8080,2506,13421,38,0.0386,3,0.091,0.316,1.66,13.46
79,1.3084955,0.2126112,9.02376,1.0302947015504,1.5866962984496,1.496781304960453,0.16717504210405207,0.030942972513662292,1.585161230122783,1.0309429725136623,12857,2047,7614,2165,12857,37,0.0394,2,0.068,0.862,1.23,14.81
80,1.9312461,0.6206467,23.55872,0.73262458114713,3.1298676188528702,2.6838388152263293,0.6960976300362418,0.040931225699661344,0.9590687743003387,1.55816682345399,16162,568,8724,2871,16162,37,0.0395,1,0.0,0.442,0.55,14.07
81,0.8830647,0.6328224,17.0676,0.32424157719072,1.44188782280928,0.8298293413251446,0.6902410709975457,0.11686201676650154,0.3780247345146011,0.8831379832334985,40407,29150,17563,5535,40407,37,0.0394,1,0.0,0.0,0.51,14.65
82,2.2435916,0.6253872,9.8289,0.8404781313324798,3.6467050686675195,3.360591371776511,0.5009890354796115,0.06993792245021102,1.8889828322854376,1.069937922450211,14680,70,7615,1750,14680,37,0.0397,3,0.046,0.711,1.74,12.18
83,0.6618334,0.5330718,26.45905,0.30902867816188,1.0146381218381202,0.5384222773685335,0.5065888456701664,0.0382439774837845,0.9617560225162155,0.31429205893557943,20419,284,13697,5902,20419,38,0.0384,2,0.022,0.809,1.33,14.83
84,1.9877259,0.4800069,6.69302,1.03360375269129,2.94184804730871,2.8024298157221277,0.2002925641753145,0.036059580412746595,2.9221338350304613,1.0360595804127466,13066,117,8605,2451,13066,38,0.0386,1,0.0,0.648,3.27,14.65
85,1.8451563,0.4660521,42.72023,0.98521733155677,2.70509526844323,2.5063962989808,0.8319499690258211,0.0003692206150038846,2.597090228777657,1.0003692206150039,17041,898,8701,1690,17041,37,0.0393,1,0.0,0.836,1.86,14.43
86,1.9070776,0.6224092,55.85289,0.72009495664608,3.09406024335392,2.633616579788743,1.123479329002871,0.024706445231500784,0.9752935547684992,1.456508645370672,10672,268,2648,410,10672,34,0.0431,3,0.061,1.03,2.77,13.69
87,2.2201799,0.7775669,3.1187,0.49384149771469016,3.9465183022853103,3.3081275781067045,0.8237128884449433,0.3497671488868421,1.3505875301648675,0.6502328511131579,11923,17,7135,1586,11923,37,0.0397,2,0.025,0.981,1.05,14.29
88,2.6003283,0.6340735,17.09388,0.9515290336699501,4.24912756633005,4.193168105946425,0.481367704651443,0.004411584252184464,3.5479691822780124,0.9955884157478155,6481,922,1768,379,6481,34,0.0431,2,0.076,0.918,2.61,11.1
89,1.248516,0.3248821,15.31841,0.8428955000364,1.6541364999636,1.3950544810837504,0.4007756981272984,0.06330924718024933,1.3824690259325434,0.9366907528197507,24949,11505,10300,2557,24949,37,0.0396,1,0.0,1.087,1.3,14.33
90,2.1505803,0.5656677,20.05615,0.9340664880336901,3.3670941119663103,3.1537952505625024,0.5128899931850969,0.00758698347042408,0.9924130165295759,2.778282420359595,14403,7299,2851,342,14403,36,0.0408,2,0.02,1.03,2.85,12.36
91,2.6887981,0.6358411,0.83203,0.9791497584180899,4.39844644158191,4.408971473044718,0.3117071611787487,0.2417664833861639,1.241766483386164,2.255590713473663,10748,10,5735,1424,10748,37,0.0395,1,0.0,0.588,1.0,14.26
92,2.7985809,0.6752615,6.01513,0.9088069635946502,4.68835483640535,4.6817346872114145,0.4341418509413181,0.05295253533716704,0.947047464662833,3.880107296604314,6501,1,3557,610,6501,37,0.0394,3,0.089,0.894,5.43,14.99
93,1.9222931,0.5397498,22.76523,0.8847357837336202,2.9598504162663803,2.665197582062099,0.5721088110408429,0.021398983063794508,0.9786010169362055,2.2408012221550444,16906,12097,7343,947,16906,37,0.0391,1,0.0,0.476,1.42,14.81
94,2.7461899,0.6213942,24.8525,1.03972342404142,4.452656375958581,4.550884866160743,0.5287440707470362,0.03989362732514068,4.449537520533074,1.0398936273251407,9130,33,2533,412,9130,38,0.0386,1,0.0,1.321,1.26,14.98
95,1.6416873,0.8863572,9.90138,0.18656594149644007,3.09680865850356,2.1034667808624072,1.1054723554677053,0.0014826084115882043,1.0014826084115882,0.21347320718046342,12960,1424,5510,1100,12960,37,0.0394,1,0.0,0.627,2.2,14.88
96,2.2263691,0.5350316,10.84584,1.0351912782364399,3.41754692176356,3.321970325195748,0.2733530259342731,0.07362202787174965,3.0563646002762517,1.0736220278717497,9711,0,4052,106,9711,34,0.0432,4,0.022,0.839,5.46,12.25
97,2.2793664,0.6462927,8.02751,0.8062285350547198,3.75250426494528,3.441289529658399,0.5288666192572181,0.04114612238574944,2.1555439278278574,0.9588538776142506,15478,372,10764,3246,15478,36,0.0407,3,0.04,0.636,1.83,12.47
98,1.4421785,0.586574,5.52413,0.5962340885409999,2.2881229114590003,1.731922782708219,0.6086208843116004,0.21233878375550153,0.7755658766250579,1.2123387837555015,31409,2035,14544,4098,31409,38,0.0386,1,0.0,0.962,0.96,14.88
99,1.6984528,0.5075685,12.15584,0.8363716599832001,2.5605339400168003,2.213503553378276,0.4645403818851211,0.07288554222244548,1.9701763602032167,0.9271144577775545,23631,7703,7592,1676,23631,35,0.0419,1,0.0,0.679,2.12,13.31
100,2.5736093,0.7155058,5.01801,0.7321769189160602,4.41504168108394,4.128705690922636,0.6152686950415505,0.14025291791264505,1.140252917912645,1.3980341061482837,10657,47,7426,4122,10657,37,0.0396,2,0.078,0.553,3.55,12.2
101,2.4205161,0.5727372,12.87861,1.0341964863310802,3.80683571366892,3.7658408620154584,0.31674580008767805,0.0460662029704646,1.0460662029704646,3.65420728381194,25071,4190,12132,3465,25071,35,0.0419,2,0.037,0.846,2.22,13.63
102,1.1226786,0.2138661,26.06566,0.8825757062645401,1.3627814937354599,1.1895512743870384,0.4997204639141792,0.025358598461413306,1.1216143167868386,1.0253585984614133,16185,20,5946,874,16185,38,0.0384,1,0.017,0.796,1.01,14.87
103,0.9299484,0.4065044,4.69797,0.55192028362704,1.30797651637296,0.8967848799508191,0.41043712006723837,0.18183625766677058,0.7384726150747489,0.8181637423332294,10808,463,5942,2433,10808,37,0.0396,1,0.0,0.679,1.19,15.0
104,1.4519998,0.4078352,24.75984,0.85982317116704,2.04417642883296,1.7496445761976271,0.5595837671029197,0.057709318362530126,1.4148572988758814,1.0577093183625301,17832,403,10835,3011,17832,38,0.0386,1,0.0,0.526,2.16,14.88
105,1.1227045,0.1645913,37.1231,0.93791710682915,1.3074918931708501,1.1895924387358972,0.6653190329853128,0.032642424516803104,1.1592509664142636,1.032642424516803,14256,140,7323,1727,14256,37,0.0396,2,0.007,0.733,2.33,14.73
106,1.3706137,0.2691824,40.78349,1.00166861476112,1.73955878523888,1.6046214845753943,0.7502812531514608,0.04971497092894839,1.6114658397839938,1.0497149709289484,11118,283,6522,1623,11118,38,0.0386,2,0.029,0.662,1.65,14.52
107,1.6566052,0.4679086,6.62299,0.88146538011528,2.43174501988472,2.1322029033555694,0.36950524191284245,0.0953885414135317,2.2714116361774472,0.9046114585864683,17149,72,6059,963,17149,34,0.0426,2,0.048,0.83,2.18,15.0
108,2.4621481,0.6417744,19.57999,0.88200448041136,4.04229171958864,3.8634140846632126,0.5712426801053854,0.05492068047938026,1.0549206804793803,2.3082590292066882,23535,7632,4674,256,23535,33,0.0444,1,0.0,1.153,3.48,11.32
109,1.0630885,0.4831758,8.88522,0.5494298635417001,1.5767471364583001,1.096109975662679,0.5249503100778204,0.08960927483569758,1.0896092748356976,0.650819028605174,17874,198,10104,4575,17874,38,0.0386,2,0.032,0.75,1.37,14.92
110,2.9222508,0.7155033,13.85069,0.8313707091723601,5.0131308908276395,4.9954685519783215,0.5820309513827129,0.10832848116662963,1.9998024131302632,1.1083284811666296,8200,31,3049,260,8200,33,0.0441,2,0.039,1.0,2.31,12.42
111,2.1909924,0.5722836,30.25143,0.9371233817553599,3.4448614182446398,3.2431072169160324,0.668198063216209,0.04123979205367656,3.180974015546431,0.9587602079463234,14392,11603,8599,4208,14392,38,0.0384,2,0.102,0.737,1.63,14.65
112,1.0853129,0.186996,62.10129,0.8823637289516,1.2882620710483998,1.1306610919384725,1.0587171547063274,0.000893987164085619,1.1005164839712485,0.9991060128359144,15752,6996,8066,3570,15752,38,0.0386,1,0.0,0.442,0.75,14.78
113,1.833463,0.8651747,8.41081,0.24719719901390008,3.4197288009860998,2.4826084269846875,1.0541125595979781,0.06618001427441422,0.2941309510523873,1.0661800142744142,21773,1479,10035,2655,21773,35,0.042,1,0.0,0.715,3.16,13.18
114,2.501242,0.6462794,28.42255,0.8847408209852001,4.1177431790148,3.95579310267181,0.6909493697283177,0.03271017074736149,2.947160261169352,0.9672898292526385,26267,323,11396,3785,26267,38,0.0384,3,0.176,0.56,3.23,11.18
115,1.9014803,0.5951473,3.69008,0.7698194334518099,3.03314116654819,2.6220305380727122,0.5122575255045546,0.14243921465973175,0.8575607853402683,2.161699267856237,17862,1333,9112,3364,17862,37,0.039,2,0.05,0.54,1.19,14.66
116,2.5405049,0.6679634,6.22709,0.84354060927934,4.2374691907206605,4.049300949691153,0.49803459148501944,0.080844495102814,2.9983738890653,0.919155504897186,7246,135,3525,761,7246,37,0.0396,2,0.086,0.867,3.67,11.99
117,0.9326616,0.0913984,18.68411,0.84741782201856,1.01790537798144,0.9007124052963308,0.32520922324683305,0.03332478695389429,0.9666752130461057,0.8865315820916698,12848,110,7132,2215,12848,38,0.0384,1,0.0,0.807,0.75,14.8
118,1.4900466,0.3666013,68.42022,0.94379357937942,2.0362996206205803,1.8188621112352017,1.2220783013673935,0.05320894320437819,2.022484596195159,0.9467910567956218,5260,30,4290,2116,5260,37,0.0393,3,0.063,0.877,3.35,14.28
119,2.8027314,0.6361596,13.44416,1.0197469136685597,4.58571588633144,4.692153579856886,0.36140472864128037,0.023846890895269146,4.504597892321171,1.0238468908952691,13685,1,10004,3333,13685,37,0.0393,3,0.015,0.16,4.61,14.07
120,2.4281288,0.6737478,7.77266,0.79218236288336,4.064075237116641,3.7836205903786415,0.5534911272615755,0.04592206500506657,0.9540779349949334,2.172677288446157,12325,236,3794,543,12325,35,0.0413,1,0.0,0.901,4.7,12.74
121,2.5188915,0.6365663,13.75276,0.9154500577435499,4.122332942256451,3.9977367388256217,0.47451845502958495,0.040544189720613466,0.9594558102793865,3.416671876387542,10954,6,3036,391,10954,37,0.0395,2,0.058,1.148,2.01,14.13
122,1.9956563,0.5058072,10.06177,0.98623897473464,3.0050736252653603,2.819217750444684,0.31482580450430603,0.03181350134008887,2.6486123798405923,1.0318135013400889,16790,7009,5311,1059,16790,38,0.0386,1,0.0,0.71,1.6,13.02
123,2.0847298,0.5932104,4.48847,0.8480464014500799,3.32141319854992,3.010056597650709,0.45022293950796627,0.11948456698381427,1.1194845669838143,1.7036088858196938,4920,96,2192,180,4920,37,0.0396,2,0.025,0.94,3.34,12.83
124,2.2344631,0.5767474,16.18609,0.9457423166790601,3.52318388332094,3.3401023934502114,0.45495373414477686,0.03640075795794018,2.6572639901044757,1.0364007579579402,17564,2476,7275,664,17564,34,0.0431,2,0.044,0.704,2.33,12.53
125,1.6992091,0.8257849,39.01303,0.2960278832774099,3.10239031672259,2.214982186535956,1.1265095631392605,0.009294996022369606,0.9907050039776304,0.3716076773249998,11659,2508,3428,896,11659,35,0.0415,1,0.0,0.785,2.27,13.39
126,2.4077964,0.6238857,2.42699,0.9056066575285201,3.90998614247148,3.736195914247076,0.4018590661345234,0.07218277341438328,0.9278172265856167,3.5437234465748713,29686,2726,15736,6340,29686,38,0.0384,2,0.068,0.469,2.29,13.84
127,2.0677254,0.6691596,2.11568,0.6840870984261601,3.45136370157384,2.9733038554681404,0.616997145250936,0.22767870036100446,2.1894064075138155,0.7723212996389955,27482,14911,11933,3487,27482,37,0.0394,1,0.0,0.553,0.53,12.95
128,0.8278977,0.2094484,8.54804,0.6544958513713199,1.00129954862868,0.7532948773655039,0.18020351669412393,0.03970117253201122,0.6732858817577355,0.9602988274679888,28721,11049,12221,2707,28721,37,0.0393,1,0.0,0.489,0.85,14.65
129,3.3418316,0.8320031,35.60472,0.56141734912204,6.1222458508779605,6.109094483776245,1.0254917776795711,0.051268449931317184,1.1229571896499644,0.9487315500686828,11004,26,3552,419,11004,38,0.0384,1,0.0,1.047,6.38,12.81
130,1.8896615,0.5208196,5.43674,0.9054887534346,2.8738342465654,2.5976224094530314,0.36657532421896866,0.0090047249896692,2.2560296735087317,0.9909952750103308,10457,9,6657,1737,10457,37,0.0396,1,0.043,0.733,0.48,13.58
131,8.6053869,0.8827231,133.99961,1.00921309893261,16.20156070106739,25.24385062169724,2.190629103543872,0.043530062122496105,10.603588621547054,1.043530062122496,0,0,0,0,0,0,,,,,,
132,2.4211089,0.631387,8.56552,0.8924522149556999,3.9497655850443008,3.7672243647769954,0.447928995586187,0.13289924295303646,2.0366734676773337,1.1328992429530365,12377,701,2357,269,12377,35,0.0419,2,0.023,0.632,3.85,11.78
133,2.8055539,0.8221067,9.62248,0.4990892415988701,5.11201855840113,4.6992432373817685,0.8735875247628988,0.11233337075397642,1.1123333707539764,0.7690792800144678,7866,15,4077,1554,7866,38,0.0384,1,0.0,0.858,0.97,14.87
134,1.3762055,0.3023014,38.14572,0.9601766506623001,1.7922343493377,1.6144512431904379,0.7172981381654884,0.017359898390429063,1.622056214409863,1.017359898390429,15753,4606,6108,1677,15753,37,0.0391,1,0.0,0.522,2.34,13.68
135,1.7052889,0.6889445,8.74062,0.5304394914339501,2.8801383085660497,2.2268806816948974,0.7365813717689407,0.013894484307697574,1.0138944843076976,0.8024788331870362,17774,5201,8864,2610,17774,36,0.0407,1,0.0,0.834,1.75,13.25
136,1.1049736,0.0755396,24.09941,1.02150433624544,1.1884428637545599,1.1615231044324532,0.42588074369058776,0.03627887693151788,1.0362788769315179,1.169051468135156,6544,279,4763,1528,6544,35,0.0415,1,0.0,0.487,0.64,14.62
137,2.4143354,0.5958396,18.80198,0.97577876099816,3.8528920390018406,3.751426166748907,0.47248229056909463,0.02321401407239343,0.9767859859276066,3.837268310184531,8702,9,2497,264,8702,36,0.0406,3,0.072,0.867,4.39,11.96
138,3.2876537,0.6836654,46.98405,1.03999861812802,5.53530878187198,5.961136935615902,0.9435965494978916,0.04809590339626468,5.316689335086402,1.0480959033962647,21471,2266,4024,145,21471,31,0.0468,1,0.0,1.082,3.92,9.94
139,3.0387546,0.6736503,57.84046,0.9916966520836199,5.08581254791638,5.297164305311035,1.1399270604930405,0.029412412582298764,4.281365791092272,1.0294124125822988,9829,7,2982,117,9829,38,0.0386,1,0.0,0.905,1.0,11.61
140,2.7252728,0.6949311,14.10845,0.8313959752959199,4.61914962470408,4.49898942707165,0.5749071782969928,0.12235099942361316,1.8928657141665666,1.1223509994236132,8161,293,3243,231,8161,34,0.0431,2,0.106,0.941,3.7,12.8
141,1.2189153,0.5698609,3.20528,0.5243031301182299,1.91352746988177,1.3457373081493056,0.6065958893975194,0.43849529667413567,0.5615047033258643,1.540927811791804,13050,6715,7209,2299,13050,38,0.0386,1,0.0,0.394,1.05,14.58
142,1.6550928,0.6239317,6.0672,0.6224279356382401,2.6877576643617602,2.1292836735199434,0.6295361074050632,0.020471288380405905,1.044092086267982,0.9795287116195941,14817,116,10178,4666,14817,37,0.0394,2,0.036,0.752,1.55,14.66
143,1.7198356,0.56153,28.82828,0.754096315532,2.6855748844679996,2.255435447220056,0.7191816396600975,0.06374353080141826,1.0637435308014183,1.3186104615546297,10438,912,3877,499,10438,35,0.0419,1,0.0,0.914,2.15,13.83
144,17.8136156,0.9469937,19.56623,0.9442338525782791,34.68299734742172,75.1844651651643,0.623449291801659,0.0037505215169943984,0.9962494784830056,11.886704199500322,0,0,0,0,0,0,,,,,,
145,1.7723384,0.4846564,15.15631,0.91336325147424,2.63131354852576,2.3594999403591754,0.4333703364479125,0.04673456199735293,1.9247761549337514,1.046734561997353,17559,22,8621,849,17559,35,0.0415,3,0.038,0.599,4.16,13.68
146,1.4913987,0.5783451,7.79145,0.6288555697086301,2.3539418302913697,1.8213383840690112,0.5961092543149178,0.0771748698613699,1.07717486986137,0.9202550937096305,12082,3171,5307,1702,12082,37,0.0395,1,0.0,0.825,0.89,14.07
147,2.6301994,0.6401361,70.55951,0.94651381386166,4.31388498613834,4.26562832456101,1.3380665932067068,0.04367346418530649,0.9563265358146935,4.1211573101854215,16004,2,6945,1509,16004,35,0.0416,3,0.105,0.94,5.49,14.05
148,2.5128427,0.6316815,9.87177,0.92552645399995,4.10015894600005,3.983345297019162,0.4250404997886004,0.0077268829389088856,0.9922731170610911,3.1588382998468907,6229,0,2286,233,6229,37,0.0397,4,0.047,0.859,1.46,13.53
149,2.0334038,0.5609582,6.50656,0.8927492644788401,3.17405833552116,2.899582341570846,0.40305272557682353,0.22144726453315178,1.6220903024050328,1.2214472645331518,8735,43,4328,812,8735,37,0.0392,3,0.049,1.13,2.97,15.0
150,2.1345095,0.5147127,7.35457,1.03585035207935,3.23316864792065,3.1185099787839454,0.21659080102171105,0.036227492965400065,3.2294999232034054,1.0362274929654,17211,727,11126,2691,17211,37,0.0395,2,0.083,0.829,1.31,13.98
151,2.5857049,0.633655,11.22959,0.9472600615905001,4.2241497384095,4.157846363190114,0.415840316810311,0.03262576178423171,3.8657168440571277,0.9673742382157683,12055,146,3577,250,12055,36,0.0406,1,0.0,1.103,0.97,13.48
152,3.2012994,0.7597263,13.50267,0.7691880516457801,5.63341074835422,5.727821032401537,0.651989985548614,0.0300847941929816,2.23930770727427,0.9699152058070184,16783,7500,7154,944,16783,37,0.0393,1,0.0,0.538,1.93,13.74
153,1.1824116,0.6294724,1.52282,0.43811613236015995,1.9267070676398401,1.2857396072023919,0.681922111087303,0.3831686646209589,1.3831686646209589,0.4811063600499828,34875,16278,18420,5369,34875,38,0.0386,1,0.0,0.278,0.48,14.96
154,1.7870592,0.4456396,9.93722,0.99067485293568,2.58344354706432,2.3889574219987644,0.287876191732562,0.02695533077737844,1.0269553307773784,2.36551460280507,10467,807,4730,1331,10467,37,0.0395,1,0.0,0.669,2.83,14.92
155,1.2344234,0.2800086,19.00837,0.8887742319587602,1.58007256804124,1.371501284139249,0.41596115815610407,0.025954164791515133,0.9740458352084849,1.3672750737652932,16638,1015,10928,4783,16638,38,0.0384,1,0.0,0.55,0.45,14.99
156,1.8597596,0.4519655,26.05772,1.0192124225062,2.7003067774938003,2.5362100186984438,0.5259409170861782,0.01982420655200401,1.019824206552004,2.696021838580616,11064,100,4195,1370,11064,38,0.0386,1,0.0,0.938,1.64,14.35
157,2.7471745,0.7063586,20.66508,0.8066841662243001,4.6876648337757,4.553332549864694,0.6636893332822168,0.01823316807188724,2.3020439580645085,0.9817668319281128,5865,3,3386,384,5865,37,0.0396,3,0.056,0.656,4.3,13.47
158,2.8512813,0.6598776,20.67934,0.9697846388311202,4.73277796116888,4.81459874928767,0.5246618178849283,0.020392822371849584,0.9796071776281504,4.511987400751417,8380,10,4026,287,8380,36,0.0408,3,0.094,0.925,3.41,13.11
159,2.6909603,0.6769401,5.39883,0.8693413654219698,4.51257923457803,4.414290761077776,0.4735846404108217,0.1510704762648829,1.9875091360984156,1.151070476264883,5390,3,3491,509,5390,35,0.0415,3,0.062,0.898,4.52,13.74
160,2.3202498,0.5611728,1.94299,1.0181887230345599,3.62231087696544,3.5342894625199937,0.22113305096772995,0.4648644296903357,1.4648644296903357,1.7374804924940745,6887,40,1733,725,6887,35,0.0419,2,0.022,0.872,0.99,14.96
161,2.6899898,0.7933788,17.17979,0.55580892046376,4.824170679536241,4.411902942742463,0.8488632780494612,0.07657364378300935,1.082783571644301,0.9234263562169907,21691,11082,4833,349,21691,38,0.0386,1,0.0,0.965,1.79,14.99
162,0.8649325,0.2085728,16.72622,0.684531106664,1.045333893336,0.8044023379259045,0.31887167694162766,0.033959039275691216,0.6894983321519393,1.0339590392756912,32703,21723,13259,3436,32703,38,0.0386,1,0.0,0.476,0.44,15.0
163,1.0494373,0.4990536,26.60392,0.5257118374607199,1.5731627625392797,1.0750650524318957,0.6779542686432927,0.06973582793353716,0.6835823966357213,0.9302641720664628,27866,22513,16472,6423,27866,38,0.0384,1,0.0,0.0,0.56,14.61
164,1.5428663,0.6459551,7.30927,0.54624394489687,2.5394886551031304,1.9164277004912758,0.6861893848524009,0.05344870162449977,0.7841901914814559,1.0534487016244998,19731,44,12189,3845,19731,37,0.0395,1,0.0,0.525,1.12,14.63
165,1.198012,0.8502024,19.13504,0.1794593223712,2.2165646776288,1.3112688739772396,1.0375485194727059,0.1570913684910059,0.8429086315089941,0.2067365610634712,21948,10566,10874,3239,21948,37,0.0393,2,0.025,0.511,1.38,14.58
166,2.820635,0.6509089,20.77419,0.9846585748484998,4.6566114251515,4.737184895435214,0.5111639489574834,0.009857854291541512,1.0098578542915415,4.165095928047149,10734,5600,4356,1641,10734,35,0.0415,2,0.07,0.968,3.37,12.92
167,2.7239489,0.6517055,73.64108,0.9487364201510499,4.49916137984895,4.4957115045738725,1.3884276347495135,0.01992824172671126,3.380250741596488,1.0199282417267113,14694,23,5398,297,14694,37,0.0396,3,0.066,0.974,4.18,13.2
168,1.6075949,0.3799384,23.65377,0.99680786584584,2.2183819341541597,2.0382850993228874,0.4789123617940948,0.027690760057511588,1.0276907600575116,2.0793219596031807,10168,45,4349,963,10168,37,0.0394,3,0.053,0.781,1.49,13.76
169,2.3875802,0.6134804,12.81196,0.9228465438719199,3.85231385612808,3.6892403758143426,0.4488195699362335,0.09244625773204507,2.3374797728894876,1.092446257732045,10418,6428,3245,46,10416,32,0.0457,1,0.0,0.0,1.48,12.65
170,1.5519617,0.4781415,3.58083,0.80990440481945,2.2940189951805503,1.933399041775956,0.41429025347094467,0.17398988062933973,2.1739561427858063,0.8260101193706603,9053,40,4085,365,9053,37,0.0394,2,0.044,0.805,2.94,14.95
171,1.4778142,0.7523783,18.03421,0.36593886448813995,2.5896895355118605,1.796510471352989,0.8946670718850306,0.10547324971923944,0.45161945018948835,1.1054732497192394,17031,6962,7009,1148,17031,37,0.0394,1,0.0,0.741,0.56,14.98
172,1.3355986,0.30557,17.25133,0.9274797357979999,1.743717464202,1.543525940808557,0.38661481063709413,0.0006852676442731243,1.5361163902102672,0.9993147323557269,13604,10570,4434,1329,13604,38,0.0386,1,0.0,0.665,1.44,14.95
173,1.9033297,0.5521532,8.2711,0.85240011548996,2.95425928451004,2.625856790317776,0.445028571137014,0.07469421747780447,1.7207111349709707,1.0746942174778045,11772,856,4723,751,11772,36,0.0407,1,0.0,0.759,1.74,14.99
174,1.871303,0.4865443,14.39783,0.9608311917770999,2.7817748082229,2.559859744013475,0.3878648627886301,0.030498592553805715,2.3264241411124926,1.0304985925538057,27153,22819,11327,2304,27153,38,0.0386,1,0.0,0.0,0.21,13.13
175,1.8146854,0.4508695,13.20499,0.9964991010446999,2.6328716989553,2.4445674104681014,0.32818567060683385,0.004756831285457563,1.0047568312854576,2.576914934923697,12516,7497,3468,855,12516,37,0.0396,1,0.0,0.413,1.98,14.36
176,2.651727,0.6186491,2.63958,1.0112384780043002,4.2922155219957,4.31810517342461,0.2584975757878864,0.12257253826760839,1.1225725382676084,3.020643341275928,15362,5018,5921,995,15362,38,0.0386,2,0.064,0.423,1.46,14.7
177,2.6775747,0.7347815,5.37753,0.7101423455719501,4.64500705442805,4.381394852498245,0.6453218304871535,0.16253244233906328,0.8374675576609367,2.3289545591627974,12202,1984,3581,284,12201,34,0.0432,1,0.0,0.783,2.53,11.64
178,1.9499674,0.754667,12.37568,0.47839135214420003,3.4215434478558,2.7229585236865272,0.835077852782682,0.08418870562858227,0.9158112943714177,0.7747874582754773,8352,209,4562,587,8352,37,0.0394,1,0.0,1.183,1.97,13.14
179,1.6284721,0.7761449,34.254,0.36454178479270993,2.89240241520729,2.078119337165836,1.0274930303516883,0.10562357329685701,0.894376426703143,0.5074066994252822,6249,107,2259,436,6249,35,0.0418,2,0.045,1.356,2.23,14.7
180,2.0023318,0.6066269,31.29757,0.78766346739458,3.2170001326054196,2.833375061022828,0.7603351017747233,0.03760486721235523,1.0376048672123552,1.6216172483855205,12940,46,5620,1219,12940,37,0.0396,3,0.023,0.894,2.61,13.99
181,1.6376834,0.417425,4.68129,0.9540734067550001,2.321293393245,2.0957762784549803,0.2671098305698431,0.01897357764812191,0.9810264223518781,2.1758469057939256,18494,574,9371,1855,18494,37,0.0392,1,0.0,0.542,0.38,15.0
182,1.7732549,0.7441422,9.06773,0.45370109755322,3.09280870244678,2.3613303706257667,0.8241219250439752,0.0801996902621086,0.6943323432573887,0.9198003097378914,22679,531,13381,5730,22679,38,0.0384,2,0.02,0.626,1.88,14.03
183,1.0348698,0.1921328,21.47,0.83603736769056,1.23370223230944,1.0527580477720782,0.4190226329466111,0.027713458308746608,1.0277134583087466,0.9674423886125371,42584,2443,22760,8773,42584,38,0.0385,2,0.025,0.607,1.46,14.57
184,2.5105878,0.6197731,10.13806,0.9545930163718201,4.06658258362818,3.977984816238576,0.3918822621752581,0.07759486993306353,1.0775948699330635,2.7361200834609924,15257,5208,6292,607,15257,35,0.0418,1,0.0,0.573,2.89,14.96
185,1.6398395,0.7381438,16.44727,0.42940214007989996,2.8502768599201,2.0999164469893308,0.8561779982737003,0.03172206956142798,0.607201001521283,0.968277930438572,22276,17608,11401,3208,22276,37,0.0393,1,0.0,0.56,1.18,13.85
186,1.1897113,0.2780801,30.12309,0.85887626272487,1.5205463372751298,1.2976643685164475,0.589079324830619,0.06766146257398842,1.0676614625739884,1.1295045383416769,12543,2449,4654,796,12543,38,0.0384,1,0.0,0.705,0.64,14.94
187,2.6372059,0.6065703,13.3569,1.03755512607523,4.236856673924771,4.282684267081263,0.32937072542939144,0.04449455657777501,4.124946752983008,1.044494556577775,5198,154,2827,345,5198,38,0.0386,1,0.0,0.668,2.53,11.18
188,2.065409,0.8867094,25.14721,0.23399142485540003,3.8968265751446,2.968308923520126,1.145825525661222,0.027769542398793368,0.281112143912409,1.0277695423987934,13070,982,7080,2023,13070,37,0.0393,2,0.058,0.666,2.12,14.05
189,1.4672226,0.4814932,3.12476,0.7607648952136798,2.17368030478632,1.7772315398163865,0.4453401240612975,0.03954970253856094,1.039549702538561,1.230677098631321,17698,160,9872,3430,17698,37,0.0397,2,0.023,0.675,1.29,14.14
190,0.7186981,0.4176323,7.36842,0.41854655949137004,1.01884964050863,0.6092839600642302,0.28414661838114447,0.001852231411030747,1.0018522314110307,0.42148416858465965,43978,5713,23834,8453,43978,38,0.0384,1,0.0,0.567,1.05,14.7
191,1.3733016,0.7314486,5.04225,0.36880206730224,2.37780113269776,1.6093440143180757,0.8245067327214219,0.022782429886245348,1.0227824298862453,0.46418507711159185,20697,1025,9096,2302,20697,38,0.0384,1,0.0,0.649,0.9,14.2
192,2.8207652,0.7585161,5.67243,0.68116938148028,4.96036101851972,4.737512900613638,0.683579298802738,0.20643647458250913,0.7935635254174909,2.441863473322713,26780,21373,12178,3019,26780,35,0.0419,1,0.0,0.779,1.56,11.38
193,1.5997395,0.5030596,23.07163,0.7949751870258,2.4045038129742,2.023363458628114,0.6029402004247116,0.012418353071898647,1.0124183530718986,1.457613026306508,8135,0,5597,2152,8135,37,0.0393,4,0.057,0.62,1.86,14.06
194,1.4585197,0.5620711,39.93236,0.63872792784933,2.27831147215067,1.7614424123876633,0.8845919939360511,0.014269292986838433,1.0142692929868384,0.9817377886514511,16702,13,11493,4783,16702,38,0.0384,1,0.0,0.691,0.84,14.94
195,1.2690923,0.5141334,19.42916,0.6166095608871801,1.9215750391128201,1.4296831993118697,0.6241747177987009,0.012787967035919445,0.9872120329640806,0.8855634105509368,16560,5341,8046,3054,16560,38,0.0384,1,0.0,0.624,1.81,14.77
196,2.2978714,0.5803493,9.52381,0.9643033415199801,3.63143945848002,3.4832815521900278,0.3604001815107955,0.0330116186202043,3.5938595499693355,0.9669883813797957,10099,50,3786,626,10099,37,0.0396,2,0.042,0.817,3.74,14.43
197,1.6918546,0.4624185,5.8333,0.9095097336499,2.4741994663501004,2.200617461993941,0.33807006287048524,0.05856070231670096,0.941439297683299,2.2652046704707782,11828,932,5557,1520,11828,38,0.0386,2,0.076,0.587,2.48,13.8
198,1.0869937,0.7245234,34.03784,0.29944132869741996,1.87454607130258,1.1332886532015263,0.9429002668461931,0.06590308299141989,0.35682908578308825,0.9340969170085801,21406,14,14805,6256,21406,38,0.0384,3,0.042,0.645,1.82,14.31
199,2.3232849,0.5777828,28.06534,0.9809308452802799,3.66563895471972,3.541226493050012,0.6115729329051519,0.020077300414729216,3.205891370202632,1.0200773004147292,6478,4789,2394,577,6478,37,0.0395,1,0.0,0.788,1.45,12.13
200,2.1084489,0.602473,16.07668,0.8381653658702999,3.3787324341297,3.0615730056224613,0.5463417000694868,0.05516784215224746,1.8472868477171727,1.0551678421522475,6234,1,2601,474,6234,37,0.0394,3,0.096,0.935,2.2,14.79
201,1.9241439,0.5740776,6.40373,0.8195359878333601,3.02875181216664,2.669047620448949,0.4721085493159295,0.09720411412004615,2.2588579173197014,0.9027958858799539,21073,13317,7328,1080,21073,37,0.0395,1,0.0,0.0,0.71,14.41
202,1.7700822,0.6007455,5.54384,0.7067132837198999,2.8334511162801,2.3549958830153774,0.5637221396522094,0.12403010091230016,1.1385999365685329,1.1240301009123002,19176,1828,9682,2725,19176,38,0.0386,1,0.0,0.554,2.19,14.4
203,1.8204548,0.5677589,4.84751,0.7868753852522801,2.8540342147477196,2.456234632118249,0.48708679901439556,0.16983617135356133,0.8301638286464387,2.400101936963527,14167,2160,3956,566,14167,36,0.0405,1,0.0,0.929,0.85,13.11
204,3.2104465,0.6984358,10.00804,0.9681557304152999,5.4527372695847,5.752387787857968,0.4036057199922188,0.00015166387778808854,1.000151663877788,4.620272495096564,11372,783,6117,1689,11372,37,0.0392,2,0.025,0.844,2.57,14.21
205,2.0590426,0.5537607,7.75324,0.9188257284941801,3.1992594715058202,2.954595267694317,0.3827652931459489,0.11578098442871099,1.115780984428711,1.98143487967764,11924,5004,3436,252,11924,37,0.0394,1,0.0,0.672,1.78,13.95
206,2.8183551,0.8056228,6.09413,0.54782397294372,5.08888622705628,4.731442504929933,0.8168782720528194,0.20713521331160178,0.7928647866883982,1.3146453503769002,11812,905,5760,1281,11812,37,0.0394,2,0.036,0.619,3.86,13.7
207,1.5456527,0.4716797,13.53154,0.8165996981598102,2.27470570184019,1.9216216155946781,0.4705072262216459,0.07224192099265303,1.7054941527498704,0.927758079007347,7680,254,3250,822,7680,37,0.0397,2,0.048,0.781,1.77,13.36
208,1.6427096,0.3831233,3.41388,1.01334927710632,2.2720699228936803,2.105431870823639,0.16636905260790916,0.08508890460163498,1.085088904601635,1.978746652565123,5826,144,3308,897,5826,36,0.0408,1,0.047,0.78,0.7,14.28
209,1.7469491,0.4782407,10.99257,0.9114869395516301,2.58241126044837,2.308981094509871,0.3855136059334685,0.040042640257108464,2.259220836984675,0.9599573597428915,20174,102,12237,5316,20173,36,0.0407,3,0.065,0.507,1.89,13.54
210,0.9466308,0.123851,22.32417,0.8293896287892,1.0638719712108,0.9210239978166265,0.39677169945758156,0.019768067599457595,0.8583296586112699,1.0197680675994576,17056,237,11284,4807,17056,38,0.0384,1,0.0,0.551,1.44,14.91
211,2.5029378,0.6954981,0.79236,0.7621493156818201,4.24372628431818,3.9598167262351276,0.5719854966372818,0.22842763929735443,0.7715723607026456,3.973518914909365,17766,47,9476,3192,17766,37,0.0397,2,0.043,0.513,3.91,12.2
212,2.3841115,0.6584107,3.85786,0.81438697840695,3.9538360215930504,3.6812036494805387,0.5113973191712399,0.16048837038446473,0.8395116296155353,3.452231877369876,9358,1348,3365,606,9358,35,0.0415,1,0.0,1.05,2.98,14.5
213,2.1175518,0.6647149,59.33202,0.7099835670181801,3.52512003298182,3.081421187522354,1.1910987727771563,0.027393025858550746,1.506030788833293,0.9726069741414493,14978,1317,3488,926,14978,34,0.0424,1,0.0,0.754,3.18,12.85
214,1.573215,0.5374907,13.7949,0.7276265683995,2.4188034316005,1.9732500291019164,0.5567638478974408,0.10881301040155589,1.1288037496863679,1.1088130104015559,18198,645,9680,2447,18198,37,0.0397,1,0.0,0.839,0.97,14.92
215,1.9046562,0.6261117,2.13279,0.7121286687024599,3.09718373129754,2.6286023518361326,0.5694320958299439,0.1210679319054363,1.6967263604595448,0.8789320680945637,21288,4196,9938,1209,21288,38,0.0386,1,0.0,0.609,2.01,12.88
216,2.8898049,0.7531963,39.21257,0.7132145415981299,5.06639525840187,4.912502503396568,0.9597690893095668,0.039903173948924286,1.7923715648141179,0.9600968260510757,8632,0,2265,598,8632,37,0.0397,4,0.058,1.128,1.57,11.42
217,2.7002874,0.7185112,15.72955,0.76010065988112,4.64047414011888,4.437261104225635,0.655324191858912,0.07685460830875135,2.232853276945942,0.9231453916912487,19713,9361,8778,2639,19713,36,0.0407,1,0.0,0.624,1.96,11.18
218,2.7628538,0.6530511,24.23489,0.95856908677082,4.567138513229179,4.592369843299449,0.5850988263664673,0.04060420421744304,4.548464381288972,0.959395795782557,10615,12,2345,10,10615,34,0.0432,1,0.109,0.879,0.89,14.7
219,2.9104022,0.7189268,54.50065,0.8180360596410401,5.00276834035896,4.965117322051123,1.1310263701051366,0.03098346374340477,2.2105228338321803,1.0309834637434048,11075,17,4122,42,11075,37,0.0392,2,0.102,1.144,4.58,14.54
220,1.8959431,0.7678837,13.76438,0.4400792973825301,3.35180690261747,2.6105856659615942,0.8712762267794215,0.14385677534102692,0.5894735458079587,1.143856775341027,18687,2749,6054,1869,18687,37,0.0393,2,0.045,0.704,3.56,14.11
221,1.9258613,0.4745003,1.67978,1.01203953539161,2.8396830646083897,2.6726218165294364,0.1965855646167418,0.014114791296812035,2.8234709280075485,1.014114791296812,12566,40,5339,907,12566,38,0.0386,1,0.0,0.598,1.2,14.99
222,0.9589853,0.1520306,21.61632,0.81319018944982,1.1047804105501802,0.9391131570208076,0.3969671221733096,0.007961714898228278,0.8750585287106005,1.0079617148982283,12358,142,9104,3910,12358,38,0.0384,2,0.031,0.578,1.51,14.67
223,2.4928794,0.8250702,10.89224,0.43607889486612006,4.54967990513388,3.9359711204539236,0.9201986783939479,0.12338227417173431,0.616222761718184,1.1233822741717343,7787,895,2103,277,7787,36,0.0407,1,0.0,1.051,3.74,12.01
224,2.5876625,0.6445716,4.49003,0.9197287421149999,4.255596257884999,4.16256902531714,0.40171685012753755,0.17514966614051009,1.17514966614051,2.1217621626348766,12347,20,6943,1515,12347,37,0.0393,3,0.09,0.665,2.25,15.0
225,2.2193037,0.5945363,8.14565,0.89984708962569,3.5387603103743106,3.30616942909688,0.42176179958774057,0.0113625092903068,2.6151198158715623,0.9886374907096932,14269,1266,10998,5968,14269,38,0.0384,1,0.0,0.303,1.66,14.99
226,1.0297117,0.0739217,45.86726,0.9535936606261101,1.10582973937389,1.0448969731017634,0.7871068617150081,0.0323953404378311,0.9676046595621689,1.087567572410849,34311,458,18226,6348,34311,37,0.0395,1,0.0,0.872,0.92,14.52
227,1.6169191,0.4510506,25.31356,0.8876067697935399,2.34623143020646,2.0560441531562605,0.5742049639234188,0.00021923101614396145,1.8081233179125147,1.000219231016144,14357,2420,7807,3087,14357,37,0.0392,1,0.0,0.615,0.25,14.66
228,1.4766837,0.4087554,7.15733,0.87308126353302,2.08028613646698,1.794449420686665,0.34931539265152906,0.07795630397857811,1.8466383170933374,0.9220436960214219,15439,3279,5625,1364,15439,37,0.0394,1,0.0,0.708,0.19,14.93
229,1.0695645,0.1943873,24.832,0.8616547446691499,1.27747425533085,1.1061409480155797,0.47295823613501253,0.009865378480175213,0.9901346215198248,1.0713651200904297,20442,47,13430,3705,20442,37,0.0391,2,0.045,0.602,1.16,14.91
230,1.3361826,0.6030516,8.26679,0.53039554517784,2.1419696548221605,1.544538428033654,0.6531309661151866,0.14770292760908665,1.1477029276090867,0.6752469033893012,6989,102,3842,1014,6989,38,0.0384,1,0.0,0.699,1.18,14.99
231,1.5453773,0.4921133,19.07078,0.7848765771519101,2.30587802284809,1.921108054865207,0.554372154983218,0.025170571199951253,1.3655372103059447,1.0251705711999513,17763,50,12269,3358,17763,38,0.0386,1,0.0,0.456,1.03,14.96
232,2.2446158,0.5974925,55.01316,0.9034746941185,3.5857569058815,3.362892800295486,1.0847969978500058,0.007120223671297166,0.9928797763287028,2.641674831861335,8270,18,4234,866,8270,37,0.0393,2,0.047,1.014,2.09,12.2
233,2.0188289,0.5270505,10.12318,0.95480411884055,3.0828536811594502,2.868463114668487,0.35676004301838654,0.041075444604250944,3.040667869878495,0.9589245553957491,11812,350,4773,1150,11812,37,0.0396,2,0.053,0.724,1.74,13.33
234,2.7659172,0.6897943,18.71928,0.8580032811680401,4.67383111883196,4.600009859239303,0.5980389017391454,0.02238165979561213,2.804578013530808,0.9776183402043879,19847,3743,5362,1758,19847,37,0.0394,1,0.0,0.749,2.72,12.0
235,2.0347462,0.8301183,9.20708,0.34566614352454,3.72382625647546,2.9024541580391596,0.9686572448142583,0.3842780130034986,1.3842780130034986,0.4099860138950954,8944,12,6145,2036,8944,35,0.0415,2,0.127,0.868,1.05,13.05
236,2.4821903,0.6104356,75.65689,0.9669729749053201,3.99740762509468,3.9106829795610647,1.4067166340621464,0.03283191912790728,0.9671680808720927,3.994076820847259,5418,23,1432,82,5418,36,0.0405,3,0.096,0.91,1.85,13.59
237,2.2359478,0.7350665,5.83305,0.5923774764713001,3.8795181235286997,3.34343196758727,0.7318724916973415,0.19798671151082992,1.4305852072772534,0.8020132884891701,9633,2402,4020,756,9633,37,0.0393,1,0.0,0.607,1.38,14.87
238,1.7270961,0.4871616,10.90394,0.8857212005702401,2.56847099942976,2.2697329124721284,0.4087044120263768,0.05430711622406559,2.1695061538193063,0.9456928837759344,19306,13013,7520,1386,19306,37,0.0392,1,0.0,0.758,1.22,14.96
239,0.9684505,0.6556432,36.24349,0.3334925151384,1.6034084848616001,0.9530510004165333,0.8768365911494914,0.04562423426806439,0.37511165270142316,1.0456242342680644,13534,25,7737,2247,13534,38,0.0386,1,0.054,0.68,0.56,14.93
240,1.4480275,0.3110773,28.00194,0.9975790149742501,1.89847598502575,1.742469619065185,0.5384240988938491,0.033418845210523074,1.7809334479345413,1.033418845210523,11023,101,8118,2706,11023,37,0.0397,2,0.068,1.021,1.82,14.06
241,1.3406221,0.7960261,31.4187,0.2734519181631901,2.40779228183681,1.5522424695564048,1.0285775434755446,0.06669481891705675,0.9333051810829432,0.33324365115360116,15673,7615,7896,2101,15673,37,0.0392,1,0.0,0.663,1.33,13.79
242,1.7115612,0.467301,1.91954,0.9117469396788,2.5113754603212,2.2391781577505823,0.3221240123487567,0.003991467815376959,1.003991467815377,2.0041713418658382,15199,2284,9091,3510,15199,37,0.0395,1,0.0,0.497,0.94,14.5
243,2.4093191,0.6573556,15.64982,0.8255396974280399,3.99309850257196,3.7397406522139596,0.5764184254299988,0.01020763132285707,0.9897923686771429,2.2150946672495655,9744,108,3018,361,9744,37,0.0392,2,0.052,0.875,3.59,14.95
244,1.6336517,0.3995551,19.45987,0.9809178316413301,2.28638556835867,2.0880418725708383,0.4223352056217639,0.00502404507638432,2.1653277012799093,1.0050240450763843,20332,7028,3727,641,20332,38,0.0384,1,0.0,0.602,1.45,14.05
245,1.9986322,0.5919158,7.7007,0.81561022243124,3.18165417756876,2.8255260789279677,0.49120076474468927,0.07756076120918443,1.6330373788022987,1.0775607612091844,8497,3016,3461,702,8497,38,0.0386,1,0.0,0.729,1.74,13.46
246,2.2008739,0.599006,9.59103,0.8825372286565999,3.5192105713434003,3.2650718321493915,0.45053372204716907,0.04853072058979191,0.9514692794102081,2.7304109908303684,9934,4,4287,927,9934,36,0.0405,3,0.044,0.989,2.72,12.63
247,1.7440386,0.4334635,8.69826,0.9880615243089,2.5000156756911003,2.3032131906674054,0.2716321882793791,0.01190728266394303,0.988092717336057,2.4998159993490217,6965,127,4851,1672,6965,37,0.0392,3,0.041,0.599,2.66,14.54
248,1.9002843,0.5490427,8.97249,0.85694707716039,2.94362152283961,2.619557105644764,0.44459151598862706,0.057088961639157665,2.2416229469021856,0.9429110383608423,27133,1005,9381,1260,27133,37,0.0395,1,0.0,0.623,3.13,13.99
249,2.0385349,0.5429831,17.09824,0.93164490053981,3.1454248994601905,2.910564490449466,0.4663785898762004,0.009354007131494813,0.9906459928685052,2.6188288559454405,21565,1194,6729,1453,21565,37,0.0393,1,0.0,0.766,0.68,12.4
250,1.6487207,0.7321107,3.77164,0.44167463421851,2.85576676578149,2.1169989174225647,0.8049464312773862,0.49649850128623374,0.5035014987137663,1.5918817979412068,23217,1255,12674,5362,23217,38,0.0384,1,0.0,0.676,1.42,14.59
251,3.0686144,0.6953931,16.40099,0.93472111967936,5.20250768032064,5.3754333085977715,0.5087779482203431,0.008005276237973424,3.7037789761721727,1.0080052762379734,6962,0,3383,275,6962,35,0.042,4,0.082,0.859,5.07,10.54
252,2.6931172,0.6523674,15.97737,0.9362153343407199,4.450019065659281,4.419599140049001,0.48706204268698916,0.018258825788806887,0.9817411742111931,3.646307264909424,8864,3001,5417,1424,8864,34,0.0426,3,0.026,0.874,3.14,12.06
253,1.3228073,0.4257499,38.24694,0.75962222430573,1.88599237569427,1.5214051232922716,0.7806558244489219,0.027319576498966214,1.2216250387152008,0.9726804235010338,11233,43,5528,941,11233,38,0.0386,2,0.048,0.787,1.67,15.0
254,2.6708403,0.7024474,5.85396,0.7947154754497798,4.54696512455022,4.364875702754558,0.5580146412278542,0.11990666210652368,0.8800933378934763,2.9240127900401416,7821,47,3295,283,7821,37,0.0396,1,0.0,1.199,1.36,14.63
255,1.0548885,0.3501936,1.97262,0.6854732985863999,1.4243037014135997,1.0834524020390488,0.35929377318299566,0.2987030920256366,0.7012969079743634,1.3605184704600464,20137,466,9160,2977,20137,37,0.0396,2,0.03,0.805,1.14,14.99
256,1.3650562,0.3767097,8.6717,0.8508262884148601,1.8792861115851398,1.594871868730836,0.3572167038642834,0.03864715568133481,1.0386471556813348,1.3429053314297015,15193,214,8020,2689,15193,38,0.0384,2,0.037,0.695,2.29,15.0
257,1.1327841,0.2519251,17.74569,0.84740735232909,1.41816084767091,1.2056485184586667,0.3940119499512991,0.0026198664604204502,1.0026198664604205,1.1263523359724976,27729,38,15852,6864,27729,38,0.0384,2,0.01,0.835,1.44,14.76
258,2.0032005,0.5285458,2.34859,0.9444172891671002,3.0619837108328998,2.8352191259204047,0.3159614535138645,0.05530888103046028,0.9446911189695397,3.0591087975427946,15683,324,11684,4842,15683,37,0.0393,1,0.0,0.654,1.03,15.0
259,2.6081047,0.7264292,8.34621,0.71350128926276,4.502708110737241,4.211991951610418,0.6483446062052521,0.04954203718520134,1.490687942093133,1.0495420371852013,7664,6,4341,1204,7664,37,0.0397,3,0.028,0.991,4.27,13.1
260,1.8760759,0.6999942,47.70709,0.56283365124022,3.1893181487597797,2.569659660409813,1.0726192618454242,0.032754151387650476,0.9672458486123495,0.9466046554057211,20474,4720,6429,1461,20474,37,0.0397,1,0.0,0.852,0.56,13.44
261,1.2601754,0.2638519,23.24895,0.9276757263767401,1.59267507362326,1.414641831495768,0.4655310833792839,0.008215820107735472,0.9917841798922645,1.433581874295961,4269,57,2368,1052,4269,38,0.0386,1,0.032,0.754,0.6,14.76
262,2.2374745,0.8467604,15.83674,0.34286969739020007,4.1320793026097995,3.3468568835045307,1.0109400659983903,0.2313023724479979,1.231302372447998,0.42618105531925693,11502,3607,5063,1802,11500,37,0.0395,2,0.087,0.578,1.15,14.61
263,1.7033695,0.4514134,4.64461,0.9344456825486999,2.4722933174513,2.2231220178523703,0.3023234997140543,0.05117675802591337,2.376997357552443,0.9488232419740866,31213,10486,8276,2590,31213,37,0.0396,1,0.0,0.592,2.51,14.04
264,2.6346737,0.7089438,8.17004,0.76683811536194,4.5025092846380605,4.276517507700801,0.5951106662661689,0.05485787312968704,0.945142126870313,2.136237943906136,32731,7247,14249,3607,32730,37,0.0392,2,0.108,0.775,2.52,11.49
265,1.5854827,0.8298543,18.97022,0.2697630638293899,2.90120233617061,1.9963756375107848,1.0200114744035909,0.13256209282637887,0.31558806918336585,1.1325620928263789,8920,136,5879,1860,8920,38,0.0386,2,0.083,0.641,1.38,13.42
266,1.8534617,0.5713813,5.70303,0.7944283443537901,2.91249505564621,2.5233379785353884,0.4867627753272634,0.13297687933275504,1.132976879332755,1.3898841105735347,9634,24,5305,1969,9633,36,0.0403,2,0.039,0.575,2.25,15.0
267,1.4525646,0.7875134,5.44387,0.30865051313436,2.59647868686564,1.7506655426068867,0.9125293831139497,0.2700824322172979,0.7299175677827021,0.44345314850534445,14250,288,7741,3786,14250,38,0.0384,1,0.0,0.632,1.22,13.83
268,2.2851226,0.5645735,14.38466,0.9950029357889,3.5752422642110995,3.4543334515638033,0.381075168825819,0.02394992466794954,3.2455601051417027,1.0239499246679495,34898,23149,10786,3014,34898,37,0.0394,1,0.0,0.554,1.53,12.01
269,1.0462949,0.2614281,13.47265,0.7727640122533099,1.31982578774669,1.0702399606397555,0.35208020718569366,0.09237407122784091,0.8800535048766968,1.092374071227841,12198,19,9218,4287,12198,37,0.0397,2,0.033,0.737,1.26,14.85
270,1.6131222,0.4573236,7.03616,0.8754033482560799,2.35084105174392,2.04880630557826,0.3716422245377451,0.09767557804567062,0.9023244219543294,2.1764614405658813,26905,12482,12611,3547,26905,37,0.0394,1,0.0,0.445,0.85,13.4
271,1.7609225,0.4444335,15.73453,0.9783095500962501,2.5435354499037497,2.3367398447619396,0.3791086354680153,0.01584563739255973,2.504858513688879,0.9841543626074403,28785,5063,14376,4573,28785,38,0.0386,1,0.0,0.516,1.85,13.63
272,1.0011647,0.6323842,2.63724,0.36804396212226004,1.6342854378777398,1.00174755859858,0.6727506398485409,0.47711678813256064,1.4771167881325606,0.3770795380718453,39402,15201,17537,3608,39402,36,0.0406,1,0.0,0.551,0.78,14.99
273,1.0798307,0.3558265,10.31047,0.69559832142645,1.46406307857355,1.1221050210660386,0.4037504888208864,0.07044645389252269,0.8428488738499975,1.0704464538925227,22555,1001,11831,3659,22555,38,0.0384,2,0.021,0.829,1.44,14.98
274,1.9415749,0.5246188,9.1404,0.9229882058518799,2.9601615941481203,2.7053983662726084,0.3775800543490793,0.0029194707687284494,0.9970805292312716,2.3904639275257282,11435,96,7431,1494,11435,37,0.0395,3,0.054,0.826,3.82,14.77
275,2.1642406,0.6038118,23.29362,0.85744658768092,3.4710346123190794,3.1838918691057896,0.6194754957351468,0.03716496418341331,2.040045419909024,1.0371649641834133,15030,30,5817,1486,15030,37,0.0393,2,0.07,0.613,3.79,13.43
276,2.3588705,0.5957228,6.73598,0.9536375609026,3.7641034390973998,3.62289834820305,0.35485385520350393,0.016999647553468278,0.9830003524465317,3.367113397767484,11391,463,6860,2496,11391,36,0.0408,3,0.077,0.449,1.44,12.47
277,2.0579468,0.5333723,40.35278,0.9602949820063599,3.1555986179936397,2.952236976494155,0.8152224742434092,0.03968863582838922,0.9603113641716108,3.155421731878373,7769,4459,2813,919,7769,37,0.0393,1,0.0,0.096,0.77,12.59
278,2.3312231,0.8971259,8.35561,0.2398224783117099,4.42262372168829,3.559391481904633,1.111901958147974,0.016917269763344733,0.9830827302366553,0.29597597071374193,27268,13959,15809,5075,27268,37,0.039,1,0.0,0.0,0.64,14.95
279,1.8785895,0.6542666,7.14292,0.6494911350392999,3.1076878649607003,2.574825703699496,0.640842519625931,0.07786812527175346,0.9221318747282465,1.286991439638049,13544,5300,6807,2908,13544,38,0.0384,1,0.0,0.393,0.7,13.96
280,1.4898909,0.3766319,36.78219,0.92875045954029,2.0510313404597103,1.8185770301184006,0.7194226481630809,0.05986498272097396,0.940135017279026,1.9976105855987747,7121,226,2751,493,7121,38,0.0384,1,0.0,1.076,2.67,13.62
281,1.2314876,0.4863989,21.38605,0.63249338599636,1.8304818140036399,1.3666114807110923,0.6182924189145751,0.03759496828921127,0.9188770396342658,0.9624050317107887,10119,1856,5540,1778,10119,37,0.0394,2,0.011,0.682,1.48,14.88
282,2.8622597,0.6655032,31.15841,0.9574167104189601,4.76710268958104,4.842432255537797,0.6995891690144871,0.020938173100509827,1.0209381731005098,3.639578947156367,13295,136,4449,251,13295,35,0.0413,2,0.088,1.143,5.43,10.36
283,1.6012102,0.3935463,8.07603,0.9710598502677399,2.23136054973226,2.0261543297033993,0.2683076044928338,0.05195123121280898,1.8962907261832254,1.051951231212809,7950,33,5796,3359,7950,37,0.0394,2,0.024,0.564,2.2,14.67
284,2.0839918,0.6247885,1.79833,0.7819376892657002,3.3860459107343,3.0084583868225243,0.5166696793194616,0.26341678431441307,1.2776294408162094,1.263416784314413,26742,560,14393,4898,26742,37,0.0394,1,0.0,0.64,0.47,12.85
285,1.806807,0.4745797,35.13666,0.9493330759820999,2.6642809240179,2.4286651818949108,0.7151255936287042,0.04441819682560122,2.1220789712422126,1.0444181968256012,13860,5701,5300,1727,13860,38,0.0386,1,0.0,1.116,2.74,14.93
286,1.2294271,0.3545467,10.38842,0.7935377788044301,1.6653164211955702,1.3631830360201596,0.38349740411767114,0.06096093772425848,1.2566800326096335,0.9390390622757415,22036,1683,12865,4698,22036,38,0.0384,2,0.057,0.67,1.25,14.95
287,2.8115977,0.6453388,9.76964,0.9971646141992401,4.6260307858007605,4.7144362674436655,0.34598508317205945,0.004833208063808048,1.004833208063808,4.467847089470061,6471,0,2371,522,6471,37,0.0396,4,0.074,1.036,4.61,14.2
288,1.4205196,0.3100408,9.33904,0.98010056680032,1.8609386331996798,1.693054138116323,0.24458332330868066,0.002651752928534923,0.9973482470714651,1.80177618752437,13767,100,9304,3196,13767,37,0.0396,1,0.0,0.88,0.7,14.58
289,1.9169005,0.6086928,5.82974,0.7500969673335999,3.0837040326664,2.6539904512957184,0.5410279815904374,0.19003737965209866,1.1900373796520987,1.2237856446051703,25331,4928,15036,5234,25331,38,0.0384,1,0.0,0.434,2.05,13.14
290,2.2370779,0.7053356,7.30064,0.6591872171567601,3.81496858284324,3.3459670602115725,0.6705774542102422,0.11854814228115618,1.5512217528617334,0.8814518577188438,11341,115,6003,1432,11341,37,0.0396,2,0.049,0.87,1.86,12.27
291,2.0010871,0.6036324,3.57805,0.79316609121796,3.2090081087820397,2.830733525431735,0.4990551611641648,0.024993133296411396,0.9750068667035886,1.828959534868051,34220,29709,14913,6468,34220,38,0.0384,1,0.0,0.181,0.77,15.0
292,1.3473749,0.4608939,2.51747,0.7263780275768899,1.96837177242311,1.5639853441824774,0.44671116549097273,0.20726496566590302,0.792735034334097,1.6044354415819297,21765,4934,11660,2818,21765,38,0.0386,1,0.0,0.749,1.98,14.98
293,1.1141409,0.8020542,2.35416,0.22053951176321995,2.00774228823678,1.176007729294365,0.9179759612031223,0.02154265604805694,0.24935231923644433,0.9784573439519431,26100,3826,17700,7593,26100,38,0.0384,1,0.0,0.591,0.15,14.32
294,0.7812752,0.336871,3.7759,0.5180862421008,1.0444641578991998,0.690567377067322,0.24328002474152705,0.16798729389130296,0.5932237512303277,0.832012706108697,22548,5639,11732,2858,22548,37,0.0397,1,0.0,0.546,0.59,14.91
295,1.8981802,0.4494911,12.40454,1.0449650939037802,2.75139530609622,2.6152075322054364,0.26306761420543623,0.05389155892410824,2.6913735402364836,1.0538915589241082,14550,4690,5677,1311,14549,37,0.0394,2,0.086,0.76,2.64,13.22
296,0.6352314,0.5311116,18.943,0.29785263477576,0.97261016522424,0.5062883524360839,0.38509032510179986,0.0355025130939175,0.29862184912593065,0.9644974869060825,27409,4209,13708,4586,27409,38,0.0385,1,0.0,0.694,1.14,14.9
297,0.6950149,0.3798994,24.30945,0.43097915649894,0.95905064350106,0.5794169195668989,0.394445599533216,0.0421481216997468,0.9578518783002532,0.43122167846677084,45292,10552,25136,9461,45292,38,0.0384,1,0.0,0.335,0.81,14.83
298,1.2994529,0.3037728,29.79622,0.90471445409888,1.6941913459011197,1.4812924661180322,0.5877676864725042,0.025426212070730925,1.025426212070731,1.3881774918512029,11365,15,6522,1138,11365,37,0.0397,1,0.0,0.759,0.94,14.81
299,1.0593695,0.4440101,11.16926,0.5889987423680499,1.52974025763195,1.0903632305317126,0.49649277774228123,0.06256554390383884,0.709026847821678,1.0625655439038388,33866,752,20649,6970,33866,37,0.0392,2,0.051,0.639,1.45,14.84
300,1.8957515,0.8108675,20.38021,0.3585482205737501,3.4329547794262503,2.6101899455601796,0.9807254354519617,0.016875264210376995,0.48469468360876844,0.983124735789623,26174,22387,8820,1803,26174,38,0.0384,1,0.0,0.0,0.93,14.03
