ID,a,e,i,Omega,omega,M,q,Q,P_yr,mpc_des,mpc_name,mpc_H,mpc_nobs,mpc_arc,mpc_U,mpc_flags,mpc_epoch,mpc_dist,mpc_max_abs_diff,sbdb_name,sbdb_spkid,sbdb_dist,sbdb_H,sbdb_diameter_km,sbdb_moid_au,sbdb_pha,sbdb_class,sbdb_arc_d,sbdb_nobs,sbdb_cc,hz_maxdev
1,1.7689528,0.4232224,22.14242,336.03924,27.87452,252.06689,1.02029235049728,2.51761324950272,2.3527423367860414,03122,(3122) Florence,14.07,9918,1979-2026,0,9804,K2669,0.0,0.0,3122 Florence (1981 ET3),20003122,0.00017766386833924252,14.08,4.9,.0438758,Y,AMO,17341,10321,0,4.4253175133235345e-06
2,1.9810687,0.6361991,6.66957,294.34257,237.01137,28.07406,0.72071457602183,3.24142282397817,2.7883629569787973,04183,(4183) Cuno,14.20,5176,1959-2026,0,9803,K2669,0.0,0.0,4183 Cuno (1959 LM),20004183,0.004184412079168148,14.18,3.651,.0283573,Y,APO,24561,5430,0,6.03755045744947e-05
3,2.2005608,0.8591108,17.51489,260.13526,243.26877,129.82319,0.3100352506633601,4.091086349336639,3.2643751150647793,16960,(16960) 1998 QS52,14.32,3312,1983-2026,0,9803,K2669,0.0,0.0,16960 (1998 QS52),20016960,0.0009484713410491097,14.32,,.018079,Y,APO,15773,3519,0,1.3747911282280256e-05
4,1.2714646,0.8896723,22.31053,265.09881,322.30016,301.48582,0.14027776494942004,2.40265143505058,1.433693808249929,03200,(3200) Phaethon,14.38,8763,1983-2026,0,9803,K2669,0.0,0.0,3200 Phaethon (1983 TB),20003200,0.0004887952558165035,14.38,6.25,.0187322,Y,APO,15468,8544,0,8.050379790347506e-06
5,1.0838865,0.4771016,37.03321,295.27177,104.98562,38.79575,0.5667625166315999,1.6010104833684,1.1284328244621453,O2450,(242450) 2004 QY2,14.64,3441,2004-2025,0,9803,K2669,0.0,0.0,242450 (2004 QY2),20242450,0.000748358529317115,14.64,2.914,.04698,Y,APO,7597,3754,0,8.284701323191257e-06
6,1.6213702,0.6575603,24.37798,77.51847,77.93611,211.44116,0.5552215248769401,2.6875188751230605,2.064539896831726,04953,(4953) 1990 MU,14.88,3032,1974-2026,0,9803,K2669,0.010000000003174137,1.0000000003174137e-05,4953 (1990 MU),20004953,0.0007348834542848909,14.88,,.0250784,Y,APO,19025,3378,0,8.089848108738806e-06
7,2.0774415,0.5069959,43.64693,19.88008,5.84705,90.73316,1.0241871770101498,3.1306958229898503,2.994285481814835,89830,(89830) 2002 CE,14.99,3382,1982-2026,0,9804,K2669,0.0,0.0,89830 (2002 CE),20089830,0.0007969908850794169,14.98,5.067,.0276542,Y,AMO,16110,3640,0,1.4747486716260028e-05
8,1.7533776,0.4398616,42.03945,310.13923,6.97434,316.90227,0.9821341234598401,2.52462107654016,2.3217378472787393,B1253,(111253) 2001 XU10,15.20,2137,2001-2026,0,9803,K2669,0.0,0.0,111253 (2001 XU10),20111253,0.0007770619924733945,15.23,3.006,.0307474,Y,APO,9703,2420,0,1.4866930769130704e-05
9,1.2458036,0.3355178,13.33676,337.13487,277.02906,354.6795,0.82781431689592,1.6637928831040798,1.3905108189981652,01620,(1620) Geographos,15.28,9531,1951-2026,0,9803,K2669,0.009999999974752427,9.999999974752427e-06,1620 Geographos (1951 RA),20001620,0.0005220350891682776,15.27,2.56,.0295314,Y,APO,27384,9551,0,8.36458286812558e-06
10,1.7762319,0.6504315,39.82206,356.78899,267.84526,148.63266,0.6209147209351499,2.93154907906485,2.3672792870260952,01981,(1981) Midas,15.28,2347,1973-2026,0,9803,K2669,0.0,0.0,1981 Midas (1973 EA),20001981,0.00021670350221495718,15.28,3.4,.00384584,Y,APO,19295,2498,0,3.6489950616669375e-06
11,2.4391983,0.6118902,39.51172,347.89802,162.3993,287.72364,0.9466767643733399,3.93171983562666,3.8095235529992837,D7427,(137427) 1999 TF211,15.28,699,1999-2025,0,9803,K2669,0.0,0.0,137427 (1999 TF211),20137427,0.0012184871292066914,15.28,,.0283304,Y,APO,9477,867,0,2.3015418804561705e-05
12,2.5430471,0.6246302,0.44808,125.36536,277.86165,125.51616,0.9545830813175799,4.13151111868242,4.055380474097104,04179,(4179) Toutatis,15.29,7024,1934-2026,0,9803,K2669,0.0,0.0,4179 Toutatis (1989 AC),20004179,0.008194418182570912,15.29,5.4,.00650597,Y,APO,33698,7141,0,0.00012042703161796453
13,2.1785708,0.7108614,2.52172,74.85241,98.3819,158.2996,0.62990891111288,3.72723268888712,3.2155666632068702,02201,(2201) Oljato,15.31,1732,1931-2025,0,9803,K2669,0.03605551274243612,2.99999999811007e-05,2201 Oljato (1947 XC),20002201,0.0028041132979011846,15.32,1.80,.00270585,Y,APO,34275,1880,0,4.061741699956656e-05
14,2.136714,0.574076,8.85374,226.433,31.25146,317.0831,0.910077773736,3.363350226264,3.1233423746955378,90075,(90075) 2002 VU94,15.37,3276,1955-2026,0,9803,K2669,0.0,0.0,90075 (2002 VU94),20090075,0.001125913430814541,15.38,2.233,.0261362,Y,APO,25753,3624,0,2.036727750009959e-05
15,2.7243079,0.6415852,13.83947,133.6246,166.78307,0.37394,0.9764322711169201,4.47218352888308,4.496600295259262,53319,(53319) 1999 JM8,15.38,1688,1990-2026,0,9803,K2669,0.0,0.0,53319 (1999 JM8),20053319,0.00031795259445043027,15.35,7.,.0256044,Y,APO,10000,1673,0,4.638050796756943e-06
16,2.2620457,0.5935572,23.15184,235.51959,140.00618,133.16977,0.9193921880359599,3.6046992119640398,3.402139067419935,F9857,(159857) 2004 LJ1,15.46,2962,1995-2026,0,9803,K2669,0.0,0.0,159857 (2004 LJ1),20159857,0.0005303034952956204,15.46,3.070,.0148973,Y,APO,11390,3315,0,4.5072810905821825e-06
17,2.2301886,0.5419751,39.65677,267.12483,5.0141,305.534,1.02148191049614,3.4388952895038605,3.3305226173664906,O2216,(242216) 2003 RN10,15.58,822,2003-2026,0,9804,K2669,0.0,0.0,242216 (2003 RN10),20242216,0.0011069362862323572,15.58,,.00677491,Y,AMO,8201,1141,0,1.6088182775320092e-05
18,2.2052447,0.6598497,3.02961,82.16378,169.30021,336.40315,0.7501146462784101,3.6603747537215905,3.274803006848003,04486,(4486) Mithra,15.62,2019,1987-2026,0,9803,K2669,0.0,0.0,4486 Mithra (1987 SB),20004486,0.0009067394036106511,15.62,1.849,.0458128,Y,APO,14311,2070,0,1.2145825195375437e-05
19,1.9236716,0.6388452,10.7844,40.94164,103.1481,101.26122,0.69474323196368,3.15259996803632,2.6680649648649353,85713,(85713) 1998 SS49,15.76,1478,1998-2026,0,9803,K2669,0.0,0.0,85713 (1998 SS49),20085713,0.000440740818175708,15.77,3.484,.004487,Y,APO,10179,1512,0,7.592137421852385e-06
20,1.961768,0.4930609,5.31181,168.07244,147.23365,266.59627,0.9944969043287999,2.9290390956712002,2.7477136371484523,12923,(12923) Zephyr,15.80,2921,1988-2026,0,9803,K2669,0.0,0.0,12923 Zephyr (1999 GK4),20012923,0.003220201211719225,15.80,2.060,.0196294,Y,APO,25930,3011,0,4.5566972374899706e-05
21,1.7597807,0.5788447,7.13333,311.6149,120.82624,110.65203,0.7411409686427101,2.77842043135729,2.334467464514723,86039,(86039) 1999 NC43,15.93,1762,1999-2026,0,9803,K2669,0.0,0.0,86039 (1999 NC43),20086039,0.000478977165912906,15.94,2.22,.0248171,Y,APO,9859,1822,0,3.562386410749241e-06
22,2.1223157,0.653834,34.88704,275.31036,284.97994,241.5195,0.7346735366061999,3.5099578633938004,3.091825539053706,f5029,(415029) 2011 UL21,15.93,3626,1989-2024,0,9803,K2669,0.0,0.0,415029 (2011 UL21),20415029,0.0004240433569892301,15.93,,.0165723,Y,APO,12734,2113,0,7.6134302844366175e-06
23,2.8902616,0.8954152,24.285,126.52941,302.96204,171.66312,0.30227743138368013,5.47824576861632,4.913667095095631,r3671,(533671) Nabu,15.93,819,2005-2024,0,9803,K2669,0.024494897425091474,2.0000000006348273e-05,533671 Nabu (2014 LJ21),20533671,0.004240954265655034,15.93,,.0270039,Y,APO,6977,836,0,6.460696818066936e-05
24,1.2900749,0.2993525,64.00427,94.35212,61.50561,121.87829,0.90388775349775,1.67626204650225,1.4652859601392347,02102,(2102) Tantalus,15.96,1967,1975-2026,0,9803,K2669,0.0,0.0,2102 Tantalus (1975 YA),20002102,0.0005618666201385334,15.99,1.649,.0425508,Y,APO,18481,2349,0,1.0929341186738384e-05
25,1.5415156,0.4059747,24.53703,220.68627,321.78869,266.00592,0.91569926674468,2.16733193325532,1.9139116507043168,12538,(12538) 1998 OH,15.96,11242,1987-2025,0,9803,K2669,0.0,0.0,12538 (1998 OH),20012538,0.0005939666379767437,15.96,1.663,.0287053,Y,APO,13981,11576,0,1.5251323020493146e-05
26,0.8586365,0.6427473,19.2213,161.99674,47.81378,206.20972,0.30675020794355,1.41052279205645,0.7956352557713102,87684,(87684) 2000 SY2,15.96,2250,1977-2025,0,9802,K2669,0.0,0.0,87684 (2000 SY2),20087684,0.0007866295714994861,15.96,,.0467917,Y,ATE,17573,2531,0,1.2923952454002574e-05
27,1.7764915,0.4144802,60.6846,43.45101,2.59571,109.8499,1.0401709477816998,2.5128120522183,2.3677982802020274,D8095,(138095) 2000 DK79,15.99,956,2000-2026,0,9804,K2669,0.014142135623195561,1.0000000003174137e-05,138095 (2000 DK79),20138095,0.000326075954450241,15.98,,.048605,Y,AMO,14688,1108,0,5.146670332578651e-06
28,2.379216,0.5758477,5.87999,26.93149,174.56857,242.39075,1.0091499385968001,3.7492820614032,3.6698710766676736,52768,(52768) 1998 OR2,16.02,5983,1987-2025,0,9804,K2669,0.0,0.0,52768 (1998 OR2),20052768,0.00034636558656683396,16.02,1.75,.00717786,Y,APO,14014,6120,0,4.991369735307671e-06
29,1.8469723,0.5893724,51.3362,164.28075,293.54199,43.07106,0.75841780281548,2.93552679718452,2.5100973963501163,23187,(23187) 2000 PN9,16.03,2655,1990-2026,0,9803,K2669,0.0,0.0,23187 (2000 PN9),20023187,0.0003386007983098751,16.04,,.0139315,Y,APO,13096,2706,0,6.213581684733072e-06
30,1.4707151,0.56018,6.35218,35.50297,286.09771,224.3616,0.646849915282,2.294580284718,1.7835809581481306,01862,(1862) Apollo,16.09,3363,1930-2026,0,9803,K2669,0.0,0.0,1862 Apollo (1932 HA),20001862,0.0019471638926560862,16.09,1.5,.0263183,Y,APO,34822,3701,0,2.8025590779634513e-05
31,2.7060815,0.8582965,48.41215,309.2807,114.23695,270.53778,0.38346121983524994,5.02870178016475,4.451550539477713,q3630,(523630) 2009 OG,16.10,310,2009-2023,0,9803,K2669,0.0,0.0,523630 (2009 OG),20523630,0.0019504513266126544,16.10,,.0441343,Y,APO,5013,311,0,1.2797952933851775e-05
32,2.1329374,0.5261187,11.6234,58.16545,183.58089,165.35889,1.01075914793062,3.25511565206938,3.1150653653626112,E3651,(143651) 2003 QO104,16.11,1357,1981-2026,0,9804,K2669,0.010000000003174137,1.0000000003174137e-05,143651 (2003 QO104),20143651,0.0003650084463634539,16.11,,.000108054,Y,APO,16267,1326,0,6.7548753577284515e-06
33,1.9713638,0.5537355,27.12971,315.60707,57.99014,59.04571,0.8797496805250999,3.0629779194749003,2.767898536634553,E3992,(143992) 2004 AF,16.13,957,1985-2026,0,9803,K2669,0.0,0.0,143992 (2004 AF),20143992,0.0003383019802870373,16.13,,.033438,Y,APO,15083,1242,0,6.065154991574673e-06
34,2.626685,0.6307928,2.79844,266.7232,95.499,320.72557,0.969791014132,4.283578985868,4.25708175844157,04015,(4015) Wilson-Harrington,16.13,1809,1949-2026,0,9803,K2669,0.0,0.0,4015 Wilson-Harrington (1979 VA),20004015,0.003565404741371062,16.16,4,.0430642,Y,APO,27524,1522,0,5.10060604597129e-05
35,1.1099069,0.292096,44.05781,38.30847,91.01207,20.86395,0.7857075341376,1.4341062658623998,1.1693104392471376,G4121,(164121) 2003 YT1,16.15,2298,1982-2025,0,9803,K2669,0.0,0.0,164121 (2003 YT1),20164121,0.0006011573133056388,16.15,1.717,.00303813,Y,APO,15580,2597,0,3.3792484259720368e-06
36,2.7171262,0.784464,46.75042,70.17634,277.9808,113.40946,0.5856385126431999,4.8486138873568,4.478831410280345,Q7494,(267494) 2002 JB9,16.17,597,2002-2025,0,9803,K2669,0.0,0.0,267494 (2002 JB9),20267494,0.0004492704693978965,16.17,,.0316893,Y,APO,8350,621,0,6.639009825448738e-06
37,0.7532601,0.3398784,24.92726,272.66887,156.64665,348.82064,0.49724326242815997,1.00927693757184,0.6537586458060702,U8242,(308242) 2005 GO21,16.18,540,2005-2025,0,9802,K2669,0.0,0.0,308242 (2005 GO21),20308242,0.00020363198397235747,16.18,,.0439809,Y,ATE,7457,557,0,3.999244654551148e-06
38,2.1368372,0.5778302,9.53681,78.7561,39.13098,286.60515,0.90210813335656,3.37156626664344,3.123612510048614,31669,(31669) 1999 JT6,16.18,1572,1996-2026,0,9803,K2669,0.0,0.0,31669 (1999 JT6),20031669,0.00028171205129994806,16.19,,.0012154,Y,APO,11040,1673,0,5.409485282825699e-06
39,2.0053413,0.5700748,52.36973,252.04419,219.55372,117.7066,0.86214675947076,3.14853584052924,2.8397652947556566,a9264,(369264) 2009 MS,16.32,314,2009-2026,0,9803,K2669,0.010000000003174137,1.0000000003174137e-05,369264 (2009 MS),20369264,0.0009678968403783313,16.35,1.515,.0436892,Y,APO,6255,473,0,1.7773954198219144e-05
40,2.2749288,0.5664273,9.28064,247.76284,322.40456,21.0016,0.9863470221237601,3.56351057787624,3.4312448755660925,G3051,(163051) 2001 YJ4,16.36,2083,1978-2026,0,9803,K2669,0.0,0.0,163051 (2001 YJ4),20163051,0.00030707327519126425,16.33,,.0326771,Y,APO,17741,2132,0,4.808763321761944e-06
41,2.5345579,0.6190904,47.83485,55.15904,187.34432,105.13552,0.9654374358658399,4.10367836413416,4.035090923276905,o7716,(507716) 2013 UP8,16.35,215,2013-2025,0,9803,K2669,0.0,0.0,507716 (2013 UP8),20507716,0.0005760651810316035,16.35,,.0422866,Y,APO,4362,221,0,1.0964511602651328e-05
42,1.0569542,0.3442881,25.15147,236.20005,255.58121,238.7447,0.69305744669498,1.42085095330502,1.0866364109668516,68950,(68950) 2002 QF15,16.39,2848,1955-2026,0,9803,K2669,0.0,0.0,68950 (2002 QF15),20068950,0.0004747456551837634,16.39,1.650,.00610739,Y,APO,25963,2954,0,6.5714731078969635e-06
43,2.1080611,0.7625195,11.62102,135.99028,107.91942,275.26427,0.50062340405855,3.7154987959414503,3.0607283870380018,c2395,(382395) 1990 SM,16.40,266,1987-2026,0,9803,K2669,0.0,0.0,382395 (1990 SM),20382395,0.0010394320215491382,16.40,,.0334116,Y,APO,13985,275,0,1.8960230590892024e-05
44,0.7615816,0.6016359,20.2845,203.55397,148.33841,279.20801,0.30338676866055997,1.21977643133944,0.6646219254296563,G3243,(163243) 2002 FB3,16.42,1774,2002-2026,0,9802,K2669,0.0,0.0,163243 (2002 FB3),20163243,0.001086281995455461,16.42,1.682,.00314578,Y,ATE,8856,1995,0,1.8094876708119045e-05
45,1.5062784,0.4303842,37.98278,164.09288,125.15536,49.97368,0.85799997583872,2.15455682416128,1.8486635253240153,08566,(8566) 1996 EN,16.47,3346,1996-2025,0,9803,K2669,0.0,0.0,8566 (1996 EN),20008566,0.00038588915964494575,16.47,1.568,.022431,Y,APO,15282,3649,0,6.334767817861575e-06
46,2.1965633,0.5440374,13.53118,82.01076,204.47648,312.60606,1.00155071333258,3.3915758866674204,3.25548414638974,03671,(3671) Dionysus,16.50,1189,1984-2026,0,9804,K2669,0.0,0.0,3671 Dionysus (1984 KD),20003671,0.0012440191511869975,16.50,1.5,.0157607,Y,APO,15365,1193,0,1.7725614299024528e-05
47,2.8487174,0.6529252,1.99822,141.2725,293.89656,298.65131,0.98871802186152,4.70871677813848,4.8081062080279215,L4869,(214869) 2007 PA8,16.50,771,2002-2026,0,9803,K2669,0.010000000031595846,1.0000000031595846e-05,214869 (2007 PA8),20214869,0.003905571847997717,16.51,,.0302679,Y,APO,8796,791,0,5.7354287719135755e-05
48,2.6346507,0.8696748,5.9548,84.58326,302.38055,277.11768,0.34336137940764005,4.92594002059236,4.276461508533989,D9359,(139359) 2001 ME1,16.52,765,2001-2025,0,9803,K2669,0.0,0.0,139359 (2001 ME1),20139359,0.00479446689157785,16.52,,.0134442,Y,APO,8772,740,0,0.00017923778898421006
49,1.0779942,0.8270189,22.80162,87.94857,31.44438,329.18266,0.18647262250962,1.9695157774903802,1.1192436427548702,01566,(1566) Icarus,16.53,1842,1949-2025,0,9803,K2669,0.0,0.0,1566 Icarus (1949 MA),20001566,0.0012768447961480711,16.53,1.0,.0338047,Y,APO,27807,1792,0,1.4476092928816797e-05
50,1.8662592,0.5078643,10.61149,284.1074,61.54418,231.68165,0.9184527777734399,2.8140656222265603,2.5495171780363886,99248,(99248) 2001 KY66,16.54,3514,1991-2026,0,9803,K2669,0.0,0.0,99248 (2001 KY66),20099248,0.00046985368384232115,16.54,1.115,.0466999,Y,APO,12734,3607,0,5.1329316477222164e-06
51,2.0361805,0.4927933,10.029,313.49561,344.83848,49.36415,1.0327643920093499,3.03959660799065,2.9055236245451606,39572,(39572) 1993 DQ1,16.55,814,1993-2025,0,9804,K2669,0.0,0.0,39572 (1993 DQ1),20039572,0.002508193826302986,16.56,1.554,.0270103,Y,AMO,11718,892,0,3.813294438259618e-05
52,1.7352089,0.5283516,42.36114,131.99742,300.71884,105.2967,0.8184085013507599,2.65200929864924,2.2857443230069947,89959,(89959) 2002 NT7,16.55,1689,1954-2026,0,9803,K2669,0.0,0.0,89959 (2002 NT7),20089959,0.0005373810784136064,16.55,1.407,.000333015,Y,APO,26291,1971,0,8.90668189867938e-06
53,2.31463,0.6050551,29.53092,132.13915,224.21624,268.48277,0.9141513138870002,3.715108686113,3.5214568130206922,c5343,(385343) 2002 LV,16.55,1869,2002-2026,0,9803,K2669,0.0,0.0,385343 (2002 LV),20385343,0.0004162823342449017,16.55,1.359,.00741433,Y,APO,8770,1963,0,7.461631611249686e-06
54,1.319908,0.3266154,17.99169,18.12085,48.77155,331.74911,0.8888057206168001,1.7510102793832003,1.5164059915196397,68216,(68216) 2001 CV26,16.57,2925,1995-2025,0,9803,K2669,0.0,0.0,68216 (2001 CV26),20068216,0.0007705652210036921,16.57,0.994,.0243888,Y,APO,8878,3052,0,1.3875981665023573e-05
55,1.7074001,0.4367044,22.71515,302.02023,24.71568,91.62974,0.9617709637695601,2.45302923623044,2.231017381328187,68548,(68548) 2001 XR31,16.57,1296,1994-2026,0,9803,K2669,0.0,0.0,68548 (2001 XR31),20068548,0.00045313353337144335,16.57,1.182,.0253827,Y,APO,11630,1389,0,7.841908995942504e-06
56,1.348659,0.3295322,33.46935,117.85066,47.49688,264.1083,0.9042324326801999,1.7930855673198,1.5662216839025551,07482,(7482) 1994 PC1,16.58,2071,1974-2025,0,9803,K2669,0.0,0.0,7482 (1994 PC1),20007482,0.0005030065784642321,16.58,1.052,.000613959,Y,APO,18595,2081,0,7.0691526161681395e-06
57,1.4229631,0.2897508,55.89453,171.12615,186.41125,194.80694,1.01065840340452,1.83526779659548,1.6974244646441157,E4332,(144332) 2004 DV24,16.60,1894,2001-2026,0,9804,K2669,0.0,0.0,144332 (2004 DV24),20144332,0.000465542640318015,16.60,,.00554886,Y,APO,25995,2148,0,7.096192206290652e-06
58,3.0280445,0.727252,20.16655,110.95612,126.42497,263.41986,0.825893081286,5.230195918714,5.269184187580908,m5652,(485652) 2011 WO41,16.60,679,2011-2022,0,9803,K2669,0.0,0.0,485652 (2011 WO41),20485652,0.0006283292239802292,16.60,,.0131123,Y,APO,3879,702,0,1.1810112994226074e-05
59,1.6359485,0.5001928,7.40973,10.62092,105.96629,96.27681,0.8176588391292,2.4542381608708,2.09244688113823,05011,(5011) Ptah,16.64,756,1960-2026,0,9803,K2669,0.0,0.0,5011 Ptah (6743 P-L),20005011,0.0010285527856949048,16.64,,.0245205,Y,APO,24003,782,0,1.508920314563511e-05
60,0.6423893,0.6883841,38.87863,244.89558,192.65395,5.45664,0.20017871986987,1.08459988013013,0.5148698343159638,66391,(66391) Moshup,16.64,4180,1999-2026,0,9802,K2669,0.0,0.0,66391 Moshup (1999 KW4),20066391,0.0008665983533315506,16.64,1.317,.0132404,Y,ATE,10188,3871,0,9.377139443245142e-05
61,2.5262805,0.7117857,4.44104,177.7231,316.20909,307.68577,0.7281101659111501,4.32445083408885,4.015340273390912,L7628,(217628) Lugh,16.67,504,1960-2026,0,9803,K2669,0.09486832983427447,8.000000002539309e-05,217628 Lugh (1990 HA),20217628,0.0034513533402313833,16.68,1.4,.0338864,Y,APO,24078,536,0,5.796825507786707e-05
62,2.387441,0.605372,23.72574,9.79921,145.04893,80.61119,0.9421510669479999,3.832730933052,3.6889177470026633,b4851,(374851) 2006 VV2,16.71,1598,2002-2024,0,9803,K2669,0.0,0.0,374851 (2006 VV2),20374851,0.000489972094415813,16.71,,.0108545,Y,APO,8092,1610,0,8.139852127442282e-06
63,1.7840613,0.5082827,53.19536,357.06027,225.62494,232.59781,0.87725380547049,2.69086879452951,2.3829485127777703,E0288,(140288) 2001 SN289,16.73,455,1996-2025,0,9803,K2669,0.0,0.0,140288 (2001 SN289),20140288,0.0015819842188345525,16.73,1.263,.0177594,Y,APO,10719,535,0,1.1040067192880088e-05
64,3.6552163,0.7238267,44.12226,19.21585,343.26959,158.3527,1.0094731477847898,6.300959452215211,6.988269139017023,K10H22Y,2010 HY22,16.73,67,2010-2023,1,9804,K2669,0.0,0.0,(2010 HY22),50518332,0.004059695249492776,16.73,,.0286911,Y,APO,4987,65,1,177.07991375939469
65,1.2705255,0.5851656,5.05883,96.9752,258.97377,256.07234,0.5270576834772001,2.0139933165227997,1.4321057185583643,05693,(5693) 1993 EA,16.78,2878,1984-2026,0,9803,K2669,0.0,0.0,5693 (1993 EA),20005693,0.0004129918425138385,16.78,,.00586101,Y,APO,15464,3139,0,7.036583497210813e-06
66,1.8432235,0.5812927,38.56598,116.51175,104.09227,165.59509,0.7717711349815499,2.91467586501845,2.5024591577789344,A3067,(103067) 1999 XA143,16.80,1620,1994-2025,0,9803,K2669,0.0,0.0,103067 (1999 XA143),20103067,0.000513410342745701,16.80,1.282,.0409757,Y,APO,11244,1694,0,2.2376879940111394e-06
67,1.572938,0.3950417,1.43938,99.34195,248.25683,279.89083,0.9515618984854001,2.1943141015145997,1.972728899252403,D6618,(136618) 1994 CN2,16.84,1298,1994-2026,0,9803,K2669,0.0,0.0,136618 (1994 CN2),20136618,0.024205212524687252,16.85,,.0124418,Y,APO,11801,1599,0,0.0003445022709058776
68,1.1365852,0.1437417,13.91996,139.30103,207.02937,228.31822,0.9732105111571601,1.29995988884284,1.2117220052794353,35107,(35107) 1991 VH,16.86,6017,1991-2026,0,9803,K2669,0.0,0.0,35107 (1991 VH),20035107,0.00029742796719998,16.86,0.929,.0264548,Y,APO,12673,6255,0,4.297051987123268e-06
69,2.3576072,0.5676514,6.24493,226.5645,181.29566,11.19621,1.01930817226992,3.6959062277300796,3.6199883571832476,D8524,(138524) 2000 OJ8,16.86,1004,2000-2025,0,9804,K2669,0.02236067978209548,2.0000000006348273e-05,138524 (2000 OJ8),20138524,0.00039269638520529485,16.86,,.028276,Y,AMO,9129,1051,0,7.734962110816923e-06
70,2.0150725,0.5332099,8.18219,306.75571,175.26452,117.8256,0.94061589378225,3.0895291062177503,2.8604608904356503,P1346,(251346) 2007 SJ,16.88,990,1990-2024,0,9803,K2669,0.0,0.0,251346 (2007 SJ),20251346,0.003531283757791285,16.88,,.0415881,Y,APO,12496,1034,0,5.291307260790745e-05
71,1.5075512,0.4165127,16.69512,219.36124,140.29002,93.30517,0.87963697929976,2.13546542070024,1.8510071916042348,68346,(68346) 2001 KZ66,16.92,1133,1979-2026,0,9803,K2669,0.0,0.0,68346 (2001 KZ66),20068346,0.0011078644227024588,16.92,0.736,.0388684,Y,APO,16882,1249,0,1.974377630631352e-05
72,2.4449438,0.7906999,1.97391,195.43379,286.41433,268.15672,0.5117269818343799,4.378160618165619,3.8229914011349773,T7274,(297274) 1996 SK,16.91,478,1996-2026,0,9803,K2669,0.1774823934914864,0.00013000000001284207,297274 (1996 SK),20297274,0.0011497058068374278,16.92,1.199,.00623655,Y,APO,10919,492,0,2.094208412017906e-05
73,1.9672729,0.6076793,2.66375,181.16134,89.3949,96.56151,0.7718018812190299,3.16274391878097,2.75928724957336,E3404,(143404) 2003 BD44,16.95,1465,1981-2025,0,9803,K2669,0.0,0.0,143404 (2003 BD44),20143404,0.001534998029935234,16.95,,.0176509,Y,APO,16352,1650,0,2.363037123132017e-05
74,1.84152,0.5061514,5.40987,294.72295,173.52039,274.45797,0.909432073872,2.7736079261280002,2.4989908148930455,07341,(7341) 1991 VK,16.96,2337,1991-2026,0,9803,K2669,0.010000000031595846,1.0000000031595846e-05,7341 (1991 VK),20007341,0.0019026553863139778,16.96,0.982,.0478435,Y,APO,12775,2421,0,2.8048552792370174e-05
75,2.4337077,0.6170326,9.6898,107.56402,237.79733,294.82403,0.9320307102289799,3.9353846897710194,3.7966680207882697,F9504,(159504) 2000 WO67,16.96,718,2000-2026,0,9803,K2669,0.0,0.0,159504 (2000 WO67),20159504,0.001871934916244781,16.96,2.324,.0495539,Y,APO,9302,756,0,2.823417707986664e-05
76,1.4421372,0.4840079,4.09944,213.60445,103.10746,253.50666,0.7441314023161201,2.14014299768388,1.7318483870295673,35396,(35396) 1997 XF11,17.01,2372,1990-2026,0,9803,K2669,0.0,0.0,35396 (1997 XF11),20035396,0.0006221318447220094,17.01,0.704,.000159853,Y,APO,13144,2664,0,8.748875018227409e-06
77,2.5924797,0.6179423,13.23278,1.27533,5.22298,316.73554,0.9904768314786899,4.194482568521311,4.174198009079636,g2787,(422787) 2001 WS1,17.03,1317,1997-2026,0,9803,K2669,0.0,0.0,422787 (2001 WS1),20422787,0.000550446761584436,17.03,,.0116021,Y,APO,10549,1349,0,9.180932835306521e-06
78,1.5658196,0.407978,36.0152,279.53942,130.68633,138.66261,0.9269996512312001,2.2046395487688,1.959352554753583,T4739,(294739) 2008 CM,17.04,1751,2008-2025,0,9803,K2669,0.0,0.0,294739 (2008 CM),20294739,0.0003265034569914035,17.04,0.740,.0437237,Y,APO,6471,1912,0,1.0682483605251036e-05
79,1.3084955,0.2126112,9.02376,264.506,184.85396,284.01604,1.0302947015504,1.5866962984496,1.496781304960453,67367,(67367) 2000 LY27,17.05,574,1976-2026,0,9804,K2669,0.0,0.0,67367 (2000 LY27),20067367,0.0018343512278580535,17.08,,.0463995,Y,AMO,18299,730,0,2.7297950708771168e-05
80,1.9312461,0.6206467,23.55872,115.78687,67.45131,197.87281,0.73262458114713,3.1298676188528702,2.6838388152263293,b7732,(377732) 2005 XJ8,17.06,841,2005-2025,0,9803,K2669,0.0,0.0,377732 (2005 XJ8),20377732,0.0003488763202952566,17.06,0.986,.0160871,Y,APO,7174,874,0,6.326261200229055e-06
81,0.8830647,0.6328224,17.0676,130.14228,309.26448,331.03403,0.32424157719072,1.44188782280928,0.8298293413251446,85989,(85989) 1999 JD6,17.07,3767,1990-2025,0,9802,K2669,0.010000000003174137,1.0000000003174137e-05,85989 (1999 JD6),20085989,0.0001446594692722692,17.07,1.462,.0478721,Y,ATE,12805,3852,0,1.3420301115729671e-05
82,2.2435916,0.6253872,9.8289,168.05282,116.2708,130.65409,0.8404781313324798,3.6467050686675195,3.360591371776511,09856,(9856) 1991 EE,17.08,1339,1991-2026,0,9803,K2669,0.0,0.0,9856 (1991 EE),20009856,0.0028090446353123506,17.08,1.0,.0225618,Y,APO,12747,1365,0,4.11596330991415e-05
83,0.6618334,0.5330718,26.45905,155.74474,197.85461,94.64674,0.30902867816188,1.0146381218381202,0.5384222773685335,D8127,(138127) 2000 EE14,17.11,744,2000-2026,0,9802,K2669,0.0,0.0,138127 (2000 EE14),20138127,0.0008483037206524273,17.11,0.754,.0230376,Y,ATE,9477,1125,0,2.8790406531697954e-05
84,1.9877259,0.4800069,6.69302,325.70748,173.06866,194.39579,1.03360375269129,2.94184804730871,2.8024298157221277,F3591,(153591) 2001 SN263,17.10,3570,1990-2026,0,9804,K2669,0.0,0.0,153591 (2001 SN263),20153591,0.0005882113981282486,17.11,2,.047792,Y,AMO,13105,3682,0,1.0221517413810943e-05
85,1.8451563,0.4660521,42.72023,338.02633,162.24225,305.34112,0.98521733155677,2.70509526844323,2.5063962989808,J7588,(197588) 2004 HE12,17.12,196,2000-2025,0,9803,K2669,0.0,0.0,197588 (2004 HE12),20197588,0.00035664497031203383,17.12,,.0101676,Y,APO,9126,207,0,5.214257441821246e-06
86,1.9070776,0.6224092,55.85289,271.0619,71.46206,196.70619,0.72009495664608,3.09406024335392,2.633616579788743,V1044,(311044) 2004 BB103,17.12,303,2004-2025,0,9803,K2669,0.026457513099741137,1.9999999999242846e-05,311044 (2004 BB103),20311044,0.0018316811207857015,17.12,,.0353968,Y,APO,7993,329,0,1.870324450692351e-05
87,2.2201799,0.7775669,3.1187,339.37397,243.2457,238.12487,0.49384149771469016,3.9465183022853103,3.3081275781067045,85182,(85182) 1991 AQ,17.13,740,1991-2024,0,9803,K2669,0.0,0.0,85182 (1991 AQ),20085182,0.0033802237654176775,17.13,1.1,.0159703,Y,APO,12373,750,0,4.776496459157897e-05
88,2.6003283,0.6340735,17.09388,110.80673,207.63119,180.82234,0.9515290336699501,4.24912756633005,4.193168105946425,h5159,(435159) 2007 LQ19,17.13,193,2007-2025,0,9803,K2669,0.0,0.0,435159 (2007 LQ19),20435159,0.0010303341126236924,17.13,,.0177084,Y,APO,6414,206,0,1.8387723116575216e-05
89,1.248516,0.3248821,15.31841,8.869,233.72605,148.38115,0.8428955000364,1.6541364999636,1.3950544810837504,10115,(10115) 1992 SK,17.14,2596,1953-2025,0,9803,K2669,0.0,0.0,10115 (1992 SK),20010115,0.0005273063070337057,17.14,0.938,.0454208,Y,APO,26031,2899,0,8.323398134280069e-06
90,2.1505803,0.5656677,20.05615,294.79736,326.85322,354.15946,0.9340664880336901,3.3670941119663103,3.1537952505625024,G4216,(164216) 2004 OT11,17.05,1142,2004-2026,0,9803,K2669,0.014142135628219856,1.0000000031595846e-05,164216 (2004 OT11),20164216,0.0010951625313550667,17.23,,.0204111,Y,APO,8073,1200,0,1.6596867794760328e-05
91,2.6887981,0.6358411,0.83203,219.82254,62.87684,357.42282,0.9791497584180899,4.39844644158191,4.408971473044718,b4038,(374038) 2004 HW,17.17,730,2004-2026,0,9803,K2669,0.014142135628219856,1.0000000003174137e-05,374038 (2004 HW),20374038,0.0065317547926832115,17.15,,.00904746,Y,APO,8173,746,0,9.273807040699467e-05
92,2.7985809,0.6752615,6.01513,157.57903,25.86502,17.15437,0.9088069635946502,4.68835483640535,4.6817346872114145,o0080,(500080) 2011 WV134,17.18,1911,2006-2026,0,9803,K2669,0.0,0.0,500080 (2011 WV134),20500080,0.0005789089418034999,17.19,,.018111,Y,APO,7182,1936,0,1.0516696619333743e-05
93,1.9222931,0.5397498,22.76523,239.03405,43.4167,29.7237,0.8847357837336202,2.9598504162663803,2.665197582062099,53426,(53426) 1999 SL5,17.19,1162,1999-2024,0,9803,K2669,0.0,0.0,53426 (1999 SL5),20053426,0.00035029263443879516,17.19,,.0268651,Y,APO,8871,1284,0,6.197176105615654e-06
94,2.7461899,0.6213942,24.8525,93.21843,178.32543,337.6525,1.03972342404142,4.452656375958581,4.550884866160743,m4517,(484517) 2008 EC69,17.19,500,1994-2026,0,9804,K2669,0.0,0.0,484517 (2008 EC69),20484517,0.0004393641103660923,17.19,,.0233682,Y,AMO,11752,515,0,1.0746727809873846e-05
95,1.6416873,0.8863572,9.90138,188.12971,222.96678,107.19873,0.18656594149644007,3.09680865850356,2.1034667808624072,89958,(89958) 2002 LY45,17.23,1080,2000-2026,0,9803,K2669,0.0,0.0,89958 (2002 LY45),20089958,0.00020483315835186845,17.22,,.000386186,Y,APO,9473,1129,0,3.8008701039871085e-06
96,2.2263691,0.5350316,10.84584,132.16563,206.19444,88.26347,1.0351912782364399,3.41754692176356,3.321970325195748,Y8400,(348400) 2005 JF21,17.25,2070,2002-2026,0,9804,K2669,0.0,0.0,348400 (2005 JF21),20348400,0.0003877068181342226,17.25,,.0480959,Y,AMO,8474,2112,0,6.263314418220034e-06
97,2.2793664,0.6462927,8.02751,347.42493,233.52042,142.23837,0.8062285350547198,3.75250426494528,3.441289529658399,P3841,(253841) 2003 YG118,17.26,570,2003-2025,0,9803,K2669,0.017320508066315625,1.0000000003174137e-05,253841 (2003 YG118),20253841,0.0004127935357565043,17.26,,.0110456,Y,APO,8015,583,0,8.405153693047396e-06
98,1.4421785,0.586574,5.52413,311.66594,291.99797,173.53972,0.5962340885409999,2.2881229114590003,1.731922782708219,04450,(4450) Pan,17.27,1554,1987-2025,0,9803,K2669,0.0,0.0,4450 Pan (1987 SY),20004450,0.00047222025049757486,17.27,,.028861,Y,APO,32459,1594,0,7.454576632426324e-06
99,1.6984528,0.5075685,12.15584,356.54428,224.82289,130.37961,0.8363716599832001,2.5605339400168003,2.213503553378276,29075,(29075) 1950 DA,17.28,1111,1950-2025,0,9803,K2669,0.0,0.0,29075 (1950 DA),20029075,0.0015536837409624606,17.28,1.3,.0392216,Y,APO,27458,1177,0,2.2386328510037856e-05
100,2.5736093,0.7155058,5.01801,150.89053,278.15998,85.33777,0.7321769189160602,4.41504168108394,4.128705690922636,K6910,(206910) 2004 NL8,17.28,506,2001-2026,0,9803,K2669,0.0,0.0,206910 (2004 NL8),20206910,0.0013428684334387516,17.28,,.0211145,Y,APO,9061,522,0,1.6452583508907992e-05
101,2.4205161,0.5727372,12.87861,250.069,345.65955,166.3548,1.0341964863310802,3.80683571366892,3.7658408620154584,S5263,(285263) 1998 QE2,17.28,1899,1998-2025,0,9804,K2669,0.0,0.0,285263 (1998 QE2),20285263,0.0007601821326859846,17.28,,.03052,Y,AMO,9958,1927,0,1.1391501914204127e-05
102,1.1226786,0.2138661,26.06566,161.20276,102.1008,115.93198,0.8825757062645401,1.3627814937354599,1.1895512743870384,G1989,(161989) Cacus,17.31,1696,1978-2023,0,9803,K2669,0.0,0.0,161989 Cacus (1978 CA),20161989,0.0005238746538942776,17.31,1.9,.0146207,Y,APO,16425,1798,0,7.133368910672289e-06
103,0.9299484,0.4065044,4.69797,311.92731,82.76506,209.47561,0.55192028362704,1.30797651637296,0.8967848799508191,05604,(5604) 1992 FE,17.32,1540,1985-2026,0,9802,K2669,0.0,0.0,5604 (1992 FE),20005604,0.001295612324762952,17.32,0.55,.0334266,Y,ATE,15082,1572,0,1.851589740908821e-05
104,1.4519998,0.4078352,24.75984,68.67554,110.74277,204.20484,0.85982317116704,2.04417642883296,1.7496445761976271,J2563,(192563) 1998 WZ6,17.33,2181,1998-2025,0,9803,K2669,0.0,0.0,192563 (1998 WZ6),20192563,0.001468170474343749,17.33,,.0347778,Y,APO,9718,2419,0,2.0904651393038876e-05
105,1.1227045,0.1645913,37.1231,156.83722,249.45499,319.46893,0.93791710682915,1.3074918931708501,1.1895924387358972,07822,(7822) 1991 CS,17.34,3820,1991-2023,0,9803,K2669,0.0,0.0,7822 (1991 CS),20007822,0.0005601396969268207,17.34,1.602,.0219192,Y,APO,11845,3809,0,2.1428713807836175e-05
106,1.3706137,0.2691824,40.78349,190.01269,218.35394,245.45258,1.00166861476112,1.73955878523888,1.6046214845753943,53789,(53789) 2000 ED104,17.35,1172,1955-2026,0,9804,K2669,0.0,0.0,53789 (2000 ED104),20053789,0.0005796478249467763,17.35,0.843,.0476226,Y,APO,26073,1260,0,7.907160494369236e-06
107,1.6566052,0.4679086,6.62299,218.89189,203.11336,87.04789,0.88146538011528,2.43174501988472,2.1322029033555694,G4400,(164400) 2005 GN59,17.36,2085,1978-2026,0,9803,K2669,0.0,0.0,164400 (2005 GN59),20164400,0.0001625576513471009,17.36,,.0499018,Y,APO,17430,2106,0,1.928037590914755e-06
108,2.4621481,0.6417744,19.57999,168.84081,54.50171,48.69357,0.88200448041136,4.04229171958864,3.8634140846632126,O3566,(243566) 1995 SA,17.37,558,1991-2026,0,9803,K2669,0.0,0.0,243566 (1995 SA),20243566,0.0003211542852428734,17.37,0.881,.0406381,Y,APO,12939,580,0,5.602317514785682e-06
109,1.0630885,0.4831758,8.88522,325.49909,121.45239,143.61254,0.5494298635417001,1.5767471364583001,1.096109975662679,04769,(4769) Castalia,17.38,760,1989-2026,0,9803,K2669,0.0,0.0,4769 Castalia (1989 PB),20004769,0.0036973351416194405,17.38,1.4,.0204067,Y,APO,13488,746,0,5.098053696883653e-05
110,2.9222508,0.7155033,13.85069,192.31083,113.63224,302.22427,0.8313707091723601,5.0131308908276395,4.9954685519783215,K22A07P,2022 AP7,17.38,48,2017-2026,1,9803,K2669,0.0,0.0,(2022 AP7),54239714,0.011245177598964639,17.38,,.0457676,Y,APO,2984,48,1,0.00018770720009797515
111,2.1909924,0.5722836,30.25143,248.22125,159.71808,145.29814,0.9371233817553599,3.4448614182446398,3.2431072169160324,p8678,(518678) 2008 UZ94,17.38,370,2008-2023,0,9803,K2669,0.0,0.0,518678 (2008 UZ94),20518678,0.0008730657135540018,17.38,,.0268547,Y,APO,5306,386,0,1.4373522105870506e-05
112,1.0853129,0.186996,62.10129,0.98343,104.96868,337.12011,0.8823637289516,1.2882620710483998,1.1306610919384725,E3649,(143649) 2003 QQ47,17.39,1141,2003-2023,0,9803,K2669,0.0,0.0,143649 (2003 QQ47),20143649,0.000534503597818488,17.39,,.00300041,Y,APO,7198,1250,0,8.753115906756648e-06
113,1.833463,0.8651747,8.41081,38.76304,49.00459,115.71954,0.24719719901390008,3.4197288009860998,2.4826084269846875,O2643,(242643) 2005 NZ6,17.39,742,2005-2025,0,9803,K2669,0.0,0.0,242643 (2005 NZ6),20242643,0.0004187971859620062,17.39,1.989,.00562259,Y,APO,7303,757,0,5.697098544032997e-06
114,2.501242,0.6462794,28.42255,142.31976,218.49978,93.58861,0.8847408209852001,4.1177431790148,3.95579310267181,F3311,(153311) 2001 MG1,17.38,242,1989-2026,0,9803,K2669,0.0,0.0,153311 (2001 MG1),20153311,0.0010233238237652023,17.40,,.0402986,Y,APO,13400,254,0,1.789056051393345e-05
115,1.9014803,0.5951473,3.69008,109.438,43.4671,46.39647,0.7698194334518099,3.03314116654819,2.6220305380727122,M0839,(220839) 2004 VA,17.42,1329,2003-2026,0,9803,K2669,0.0,0.0,220839 (2004 VA),20220839,0.00515618428964399,17.45,,.0233469,Y,APO,8357,1375,0,7.631476790948e-05
116,2.5405049,0.6679634,6.22709,64.2053,142.61518,74.30375,0.84354060927934,4.2374691907206605,4.049300949691153,F3220,(153220) 2000 YN29,17.43,199,1997-2025,0,9803,K2669,0.0,0.0,153220 (2000 YN29),20153220,0.0027983211544322945,17.43,,.0316391,Y,APO,10070,206,0,4.190812700244351e-05
117,0.9326616,0.0913984,18.68411,278.65037,118.23951,124.27217,0.84741782201856,1.01790537798144,0.9007124052963308,W5395,(325395) 2009 CQ5,17.43,499,2009-2021,0,9802,K2669,0.03605551274243612,2.99999999811007e-05,325395 (2009 CQ5),20325395,0.0019214918322764554,17.43,,.048485,Y,ATE,4594,521,0,3.12576603960224e-05
118,1.4900466,0.3666013,68.42022,262.94888,188.81131,66.18458,0.94379357937942,2.0362996206205803,1.8188621112352017,h4677,(434677) 2006 BZ7,17.44,256,2006-2026,0,9803,K2669,0.0,0.0,434677 (2006 BZ7),20434677,0.000950592027574009,17.44,,.0378042,Y,APO,7332,264,0,1.0152492052384332e-05
119,2.8027314,0.6361596,13.44416,272.69833,171.76973,91.42447,1.0197469136685597,4.58571588633144,4.692153579856886,j8436,(458436) 2011 AL52,17.44,159,2011-2026,0,9804,K2669,0.0,0.0,458436 (2011 AL52),20458436,0.0028489520910335124,17.45,1.102,.0389976,Y,AMO,5599,168,0,4.461836851987755e-05
120,2.4281288,0.6737478,7.77266,261.43576,54.65804,271.1859,0.79218236288336,4.064075237116641,3.7836205903786415,I6844,(186844) 2004 GA1,17.45,887,2000-2023,0,9803,K2669,0.0,0.0,186844 (2004 GA1),20186844,0.0002283845614946459,17.45,,.0188647,Y,APO,8660,903,0,3.1129718820466223e-06
121,2.5188915,0.6365663,13.75276,275.18421,331.89473,217.87283,0.9154500577435499,4.122332942256451,3.9977367388256217,K20S01L,2020 SL1,17.45,70,2008-2024,1,9803,K2669,0.0,0.0,(2020 SL1),54054501,0.011359318791790604,17.45,,.0428832,Y,APO,5858,70,1,0.00031146996101938385
122,1.9956563,0.5058072,10.06177,164.87309,150.28551,62.27738,0.98623897473464,3.0050736252653603,2.819217750444684,86819,(86819) 2000 GK137,17.48,851,1994-2025,0,9803,K2669,0.0,0.0,86819 (2000 GK137),20086819,0.0028064045614147673,17.48,0.802,.0165109,Y,APO,11324,864,0,3.9905119479044515e-05
123,2.0847298,0.5932104,4.48847,227.75939,290.41368,224.23513,0.8480464014500799,3.32141319854992,3.010056597650709,T0772,(290772) 2005 VC,17.54,83,2005-2025,1,9803,K2669,0.6208896842400453,0.0003900000000101045,290772 (2005 VC),20290772,0.03621496941231579,17.49,,.0200582,Y,APO,7265,94,1,0.0005412692042909839
124,2.2344631,0.5767474,16.18609,116.62205,139.53984,89.33903,0.9457423166790601,3.52318388332094,3.3401023934502114,V4082,(314082) Dryope,17.50,349,2005-2025,0,9803,K2669,0.0,0.0,314082 Dryope (2005 CZ36),20314082,0.0007462062054686935,17.50,,.0145807,Y,APO,7415,363,0,1.6732814145825614e-05
125,1.6992091,0.8257849,39.01303,181.67697,123.38896,109.12755,0.2960278832774099,3.10239031672259,2.214982186535956,N1937,(231937) 2001 FO32,17.51,284,2001-2025,0,9803,K2669,0.0,0.0,231937 (2001 FO32),20231937,0.0003230634921327812,17.51,0.55,.00248745,Y,APO,9037,287,0,1.001132716282882e-06
126,2.4077964,0.6238857,2.42699,338.65275,20.33259,145.34149,0.9056066575285201,3.90998614247148,3.736195914247076,52760,(52760) 1998 ML14,17.52,681,1998-2025,0,9803,K2669,0.0,0.0,52760 (1998 ML14),20052760,0.0009749621670132289,17.52,1.0,.0169976,Y,APO,9768,708,0,1.7434536289329117e-05
127,2.0677254,0.6691596,2.11568,232.85463,135.64523,192.51717,0.6840870984261601,3.45136370157384,2.9733038554681404,j8122,(458122) 2010 EW45,17.55,1269,1999-2025,0,9803,K2669,0.0,0.0,458122 (2010 EW45),20458122,0.006290174784240198,17.55,,.0190694,Y,APO,9499,1288,0,9.132324947813686e-05
128,0.8278977,0.2094484,8.54804,273.62643,327.01857,193.58027,0.6544958513713199,1.00129954862868,0.7532948773655039,G3899,(163899) 2003 SD220,17.56,1887,2000-2025,0,9802,K2669,0.0,0.0,163899 (2003 SD220),20163899,0.0007947993469009903,17.56,0.791,.0179894,Y,ATE,9153,1935,0,1.3939982466126821e-05
129,3.3418316,0.8320031,35.60472,80.21035,95.80133,123.22571,0.56141734912204,6.1222458508779605,6.109094483776245,o4034,(504034) 2005 UJ159,17.56,291,2005-2024,0,9803,K2669,0.0,0.0,504034 (2005 UJ159),20504034,0.0005689187635038567,17.56,,.0408601,Y,APO,6831,307,0,4.1036087452539505e-06
130,1.8896615,0.5208196,5.43674,104.69532,221.57844,161.94316,0.9054887534346,2.8738342465654,2.5976224094530314,H7614,(177614) 2004 HK33,17.57,816,2001-2026,0,9803,K2669,0.0,0.0,177614 (2004 HK33),20177614,0.0017631215333664275,17.57,,.0087742,Y,APO,9082,954,0,2.8082106609872426e-05
131,8.6053869,0.8827231,133.99961,128.96684,158.413,6.65892,1.00921309893261,16.20156070106739,25.24385062169724,K25V00P,2025 VP,17.57,109,151 days,5,9804,K2669,0.0,0.0,(2025 VP),54560903,0.19160384604900063,17.57,,.0274452,Y,APO,151,112,5,0.00021619088857960378
132,2.4211089,0.631387,8.56552,178.00841,243.15297,355.65328,0.8924522149556999,3.9497655850443008,3.7672243647769954,I0186,(180186) 2003 QZ30,17.58,718,1984-2023,0,9803,K2669,0.0,0.0,180186 (2003 QZ30),20180186,0.0012620078573960033,17.58,,.0453456,Y,APO,14122,745,0,1.8326285896819172e-05
133,2.8055539,0.8221067,9.62248,169.75955,102.82204,21.9338,0.4990892415988701,5.11201855840113,4.6992432373817685,m1482,(481482) 2007 CA19,17.58,620,2007-2021,0,9803,K2669,0.0,0.0,481482 (2007 CA19),20481482,0.000363578037160958,17.58,,.0194475,Y,APO,5409,628,0,5.017020612285705e-06
134,1.3762055,0.3023014,38.14572,344.3211,220.72405,97.73196,0.9601766506623001,1.7922343493377,1.6144512431904379,G2510,(162510) 2000 QW69,17.60,1667,2000-2026,0,9803,K2669,0.0,0.0,162510 (2000 QW69),20162510,0.0006274310423076596,17.60,1.406,.0248,Y,APO,9464,1760,0,1.115316888444795e-05
135,1.7052889,0.6889445,8.74062,34.00167,99.72654,193.669,0.5304394914339501,2.8801383085660497,2.2268806816948974,F4276,(154276) 2002 SY50,17.61,1164,2002-2025,0,9803,K2669,0.0,0.0,154276 (2002 SY50),20154276,0.0004315713786146566,17.61,1.060,.00391761,Y,APO,8344,1168,0,5.8073586046702985e-06
136,1.1049736,0.0755396,24.09941,290.33711,37.15512,104.27099,1.02150433624544,1.1884428637545599,1.1615231044324532,c5186,(385186) 1994 AW1,17.64,2734,1994-2024,0,9804,K2669,0.0,0.0,385186 (1994 AW1),20385186,0.0010724655697511712,17.64,0.811,.0194194,Y,AMO,13614,2792,0,1.9286290012132667e-05
137,2.4143354,0.5958396,18.80198,283.609,355.74077,314.03452,0.97577876099816,3.8528920390018406,3.751426166748907,h0440,(430440) 2000 OH,17.65,366,2000-2026,0,9803,K2669,0.0,0.0,430440 (2000 OH),20430440,0.00413254108345269,17.65,,.039892,Y,APO,9362,387,0,5.846734444503454e-05
138,3.2876537,0.6836654,46.98405,187.08625,168.80552,268.4184,1.03999861812802,5.53530878187198,5.961136935615902,K21H12K,2021 HK12,17.66,78,2015-2021,1,9804,K2669,0.0,0.0,(2021 HK12),54150700,0.008646014146109705,17.66,,.0457147,Y,AMO,2452,77,0,0.00014936918319108372
139,3.0387546,0.6736503,57.84046,177.37634,204.636,46.30594,0.9916966520836199,5.08581254791638,5.297164305311035,K09S18G,2009 SG18,17.67,291,2009-2025,0,9803,K2669,0.0,0.0,(2009 SG18),50467417,0.0005585726765208555,17.67,,.024135,Y,APO,5845,297,0,175.8629040533657
140,2.7252728,0.6949311,14.10845,92.64957,248.42475,124.01865,0.8313959752959199,4.61914962470408,4.49898942707165,~0lZl,(802885) 2015 HY116,17.67,119,2007-2025,0,9803,K2669,0.0,0.0,802885 (2015 HY116),20802885,0.006952062776521809,17.67,,.0460695,Y,APO,6584,125,0,9.970837760420181e-05
141,1.2189153,0.5698609,3.20528,307.34369,324.83375,244.76095,0.5243031301182299,1.91352746988177,1.3457373081493056,22753,(22753) 1998 WT,17.68,1412,1955-2026,0,9803,K2669,0.0,0.0,22753 (1998 WT),20022753,0.0015550781082927835,17.68,,.0337203,Y,APO,25672,1466,0,2.3643577321763587e-05
142,1.6550928,0.6239317,6.0672,34.03403,92.93111,197.11292,0.6224279356382401,2.6877576643617602,2.1292836735199434,69230,(69230) Hermes,17.68,2846,1937-2026,0,9803,K2669,0.0,0.0,69230 Hermes (1937 UB),20069230,0.00039362437767892684,17.68,,.00465584,Y,APO,32428,2709,0,5.979148028245618e-06
143,1.7198356,0.56153,28.82828,222.69423,280.98297,132.65061,0.754096315532,2.6855748844679996,2.255435447220056,F4302,(154302) 2002 UQ3,17.68,897,2002-2026,0,9803,K2669,0.0,0.0,154302 (2002 UQ3),20154302,0.0004384356188089285,17.69,,.0392802,Y,APO,8660,919,0,4.386993623484159e-06
144,17.8136156,0.9469937,19.56623,48.89139,333.20875,127.37831,0.9442338525782791,34.68299734742172,75.1844651651643,J99X35S,1999 XS35,17.69,207,88 days,5,B803,K2669,0.0,0.0,(1999 XS35),50024738,3.8135948708470218,17.69,,.00457671,Y,APO,88,212,5,151.9561199999996
145,1.7723384,0.4846564,15.15631,61.2066,232.43344,239.63201,0.91336325147424,2.63131354852576,2.3594999403591754,07335,(7335) 1989 JA,17.70,2570,1989-2026,0,9803,K2669,0.0,0.0,7335 (1989 JA),20007335,0.00041723107068433507,17.70,1.8,.0226487,Y,APO,13444,2578,0,7.484817217573436e-06
146,1.4913987,0.5783451,7.79145,110.66657,97.80704,169.28,0.6288555697086301,2.3539418302913697,1.8213383840690112,D6849,(136849) 1998 CS1,17.70,724,1998-2025,0,9803,K2669,0.0,0.0,136849 (1998 CS1),20136849,0.0003344922243422287,17.70,,.0196452,Y,APO,9868,760,0,2.4692000124559854e-06
147,2.6301994,0.6401361,70.55951,18.46202,13.16707,313.1496,0.94651381386166,4.31388498613834,4.26562832456101,K22R03X,2022 RX3,17.70,90,219 days,4,B803,K2669,0.0,0.0,(2022 RX3),54302657,0.016575627157291366,17.70,,.042221,Y,APO,219,92,4,0.002726961697646857
148,2.5128427,0.6316815,9.87177,48.48253,325.71499,267.86855,0.92552645399995,4.10015894600005,3.983345297019162,~001X,(620095) 2016 CB194,17.62,313,2004-2025,0,9803,K2669,0.09849365463359279,8.000000002539309e-05,620095 (2016 CB194),20620095,0.011841970109231784,17.71,,.000875126,Y,APO,7764,461,0,0.00017528525961552077
149,2.0334038,0.5609582,6.50656,111.23173,104.54677,246.73838,0.8927492644788401,3.17405833552116,2.899582341570846,20236,(20236) 1998 BZ7,17.72,365,1998-2025,0,9803,K2669,0.0,0.0,20236 (1998 BZ7),20020236,0.0020256952613546164,17.72,,.0499154,Y,APO,10162,368,0,3.0114961418803432e-05
150,2.1345095,0.5147127,7.35457,116.19322,182.65206,146.99943,1.03585035207935,3.23316864792065,3.1185099787839454,L2546,(212546) 2006 SV19,17.72,365,2003-2025,0,9804,K2669,0.0,0.0,212546 (2006 SV19),20212546,0.0020935852218995476,17.72,,.0196799,Y,AMO,8040,373,0,3.005838718195264e-05
151,2.5857049,0.633655,11.22959,154.89353,161.15463,334.55652,0.9472600615905001,4.2241497384095,4.157846363190114,~0ZSe,(756316) 2018 XV5,17.72,1143,1993-2026,0,9803,K2669,0.0,0.0,756316 (2018 XV5),20756316,0.0006703179964064848,17.72,,.0333094,Y,APO,12065,1164,0,9.837930889489144e-06
152,3.2012994,0.7597263,13.50267,202.66443,238.6247,5.93771,0.7691880516457801,5.63341074835422,5.727821032401537,f4287,(414287) 2008 OB9,17.73,315,2008-2021,0,9803,K2669,0.0,0.0,414287 (2008 OB9),20414287,0.004079675086033958,17.73,1.974,.0126641,Y,APO,4671,329,0,6.145953182112862e-05
153,1.1824116,0.6294724,1.52282,272.10936,140.23618,266.52769,0.43811613236015995,1.9267070676398401,1.2857396072023919,88254,(88254) 2001 FM129,17.75,960,1978-2026,0,9803,K2669,0.0,0.0,88254 (2001 FM129),20088254,0.0030713561584639194,17.77,0.800,.010087,Y,APO,17620,1001,0,4.373953657932361e-05
154,1.7870592,0.4456396,9.93722,58.61606,27.69964,95.37646,0.99067485293568,2.58344354706432,2.3889574219987644,G3014,(163014) 2001 UA5,17.76,1245,1990-2026,0,9803,K2669,0.0,0.0,163014 (2001 UA5),20163014,0.0010914778942172898,17.75,,.031256,Y,APO,13211,1270,0,1.827389002073687e-05
155,1.2344234,0.2800086,19.00837,286.22318,306.85627,52.24722,0.8887742319587602,1.58007256804124,1.371501284139249,90403,(90403) 2003 YE45,17.77,2068,1989-2026,0,9803,K2669,0.0,0.0,90403 (2003 YE45),20090403,0.00012754021199304786,17.77,0.572,.0367498,Y,APO,13280,2216,0,1.3107312497595558e-05
156,1.8597596,0.4519655,26.05772,173.52007,3.5577,339.66621,1.0192124225062,2.7003067774938003,2.5362100186984438,D9211,(139211) 2001 GN2,17.77,245,1999-2025,0,9804,K2669,0.0,0.0,139211 (2001 GN2),20139211,0.0022916768082961816,17.77,,.0257541,Y,AMO,9574,252,0,7.543518330521692e-05
157,2.7471745,0.7063586,20.66508,138.78161,235.30583,88.37216,0.8066841662243001,4.6876648337757,4.553332549864694,~000t,(620055) 2003 BK47,17.77,607,2003-2026,0,9803,K2669,0.0,0.0,620055 (2003 BK47),20620055,0.0007383530910171995,17.77,,.0209465,Y,APO,8415,636,0,9.482225209467288e-06
158,2.8512813,0.6598776,20.67934,38.60318,347.10424,198.33004,0.9697846388311202,4.73277796116888,4.81459874928767,K19C04E,2019 CE4,17.78,388,2018-2024,0,9803,K2669,0.0,0.0,(2019 CE4),50838263,0.00036976555607997637,17.78,,.0129605,Y,APO,2054,397,0,6.947459382899979e-06
159,2.6909603,0.6769401,5.39883,105.20898,246.81591,46.08331,0.8693413654219698,4.51257923457803,4.414290761077776,W9614,(329614) 2003 KU2,17.78,361,2003-2026,0,9803,K2669,0.0,0.0,329614 (2003 KU2),20329614,0.0021858549196990705,17.78,,.0268841,Y,APO,8321,380,0,3.2748448205666136e-05
160,2.3202498,0.5611728,1.94299,264.05008,278.72548,299.64091,1.0181887230345599,3.62231087696544,3.5342894625199937,K0840,(200840) 2001 XN254,17.79,702,1994-2025,0,9804,K2669,0.0,0.0,200840 (2001 XN254),20200840,0.002671394564431869,17.80,,.0396548,Y,AMO,11271,729,0,3.933617063012207e-05
161,2.6899898,0.7933788,17.17979,353.93105,95.746,268.90664,0.55580892046376,4.824170679536241,4.411902942742463,q3589,(523589) 2001 HA4,17.79,243,2001-2023,0,9803,K2669,0.0,0.0,523589 (2001 HA4),20523589,0.0005762449548747445,17.79,1.851,.0253332,Y,APO,8073,243,0,7.63073728649033e-06
162,0.8649325,0.2085728,16.72622,96.44687,16.61338,131.0089,0.684531106664,1.045333893336,0.8044023379259045,F2637,(152637) 1997 NC1,17.80,2604,1997-2026,0,9802,K2669,0.0,0.0,152637 (1997 NC1),20152637,0.00047016776833692513,17.87,,.0167127,Y,ATE,10637,1117,0,1.5839104378301272e-05
163,1.0494373,0.4990536,26.60392,165.54034,72.16443,97.54199,0.5257118374607199,1.5731627625392797,1.0750650524318957,V0560,(310560) 2001 QL142,17.80,202,1974-2017,0,9803,K2669,0.0,0.0,310560 (2001 QL142),20310560,0.0020970439998458934,17.80,0.654,.0486259,Y,APO,16496,367,0,3.2748770109947145e-05
164,1.5428663,0.6459551,7.30927,243.71849,76.88929,219.6006,0.54624394489687,2.5394886551031304,1.9164277004912758,c1906,(381906) 2010 CL19,17.80,1096,2001-2026,0,9803,K2669,0.0,0.0,381906 (2010 CL19),20381906,0.0007011297183763264,17.80,0.520,.0110155,Y,APO,9158,1127,0,1.5216389897432236e-05
165,1.198012,0.8502024,19.13504,303.99962,224.53117,102.10701,0.1794593223712,2.2165646776288,1.3112688739772396,E1851,(141851) 2002 PM6,17.81,882,2000-2026,0,9803,K2669,0.0,0.0,141851 (2002 PM6),20141851,0.000673989570066715,17.81,,.038741,Y,APO,9459,916,0,2.4231577015143557e-05
166,2.820635,0.6509089,20.77419,76.38375,20.49371,187.91707,0.9846585748484998,4.6566114251515,4.737184895435214,K04U01V,2004 UV1,17.81,765,2004-2024,0,9803,K2669,0.0,0.0,(2004 UV1),50260316,0.000740521819308143,17.81,,.0229438,Y,APO,7203,787,0,154.11977580738406
167,2.7239489,0.6517055,73.64108,249.00759,145.39576,104.41813,0.9487364201510499,4.49916137984895,4.4957115045738725,K20Q06F,2020 QF6,17.81,82,2015-2024,0,9803,K2669,0.0,0.0,(2020 QF6),54051415,0.0008464128847665875,17.81,,.0323996,Y,APO,3309,82,0,2.228483120347846e-05
168,1.6075949,0.3799384,23.65377,3.07513,27.01906,174.30476,0.99680786584584,2.2183819341541597,2.0382850993228874,~09e8,(657084) 2016 GT220,17.83,190,1992-2026,0,9803,K2669,0.0,0.0,657084 (2016 GT220),20657084,0.001188820122891799,17.83,,.0235891,Y,APO,12297,205,0,4.5145733821527756e-05
169,2.3875802,0.6134804,12.81196,41.67682,233.72284,213.00177,0.9228465438719199,3.85231385612808,3.6892403758143426,~0yiu,(853424) 2009 FU4,17.84,210,2002-2024,0,9803,K2669,0.0,0.0,853424 (2009 FU4),20853424,0.002468200293484041,17.84,,.0446894,Y,APO,8066,213,0,3.76375556925268e-05
170,1.5519617,0.4781415,3.58083,135.03605,160.00503,203.51505,0.80990440481945,2.2940189951805503,1.933399041775956,05189,(5189) 1990 UQ,17.85,1590,1990-2026,0,9803,K2669,0.07071067810090492,4.999999998744897e-05,5189 (1990 UQ),20005189,0.0003334152477827293,17.85,,.0448382,Y,APO,12870,1632,0,5.9442056112857244e-06
171,1.4778142,0.7523783,18.03421,139.50669,303.92609,224.16609,0.36593886448813995,2.5896895355118605,1.796510471352989,37655,(37655) Illapa,17.85,645,1994-2024,0,9803,K2669,0.0,0.0,37655 Illapa (1994 PM),20037655,0.0001925818507441326,17.85,,.0249038,Y,APO,10923,658,0,3.2185234317694267e-06
172,1.3355986,0.30557,17.25133,116.63182,133.85767,285.77557,0.9274797357979999,1.743717464202,1.543525940808557,13651,(13651) 1997 BR,17.86,1064,1980-2026,0,9803,K2669,0.0,0.0,13651 (1997 BR),20013651,0.0022357596566883065,17.86,0.562,.0145228,Y,APO,16820,1174,0,3.835384040939971e-05
173,1.9033297,0.5521532,8.2711,238.33422,114.7426,315.7709,0.85240011548996,2.95425928451004,2.625856790317776,a3790,(363790) 2005 JE46,17.82,1192,1984-2026,0,9803,K2669,0.0,0.0,363790 (2005 JE46),20363790,0.0003194819341220509,17.85,,.0289776,Y,APO,15355,1221,0,5.756494402930912e-06
174,1.871303,0.4865443,14.39783,10.77506,217.49146,171.03786,0.9608311917770999,2.7817748082229,2.559859744013475,F4269,(154269) 2002 SM,17.87,327,2002-2025,0,9803,K2669,0.009999999999621423,9.999999999621423e-06,154269 (2002 SM),20154269,0.001108399605998946,17.87,,.0236047,Y,APO,8466,343,0,1.5917665706410844e-05
175,1.8146854,0.4508695,13.20499,120.97348,13.20651,252.41815,0.9964991010446999,2.6328716989553,2.4445674104681014,a6774,(366774) 2004 TB18,17.87,589,2004-2025,0,9803,K2669,0.014142135626178737,1.0000000003174137e-05,366774 (2004 TB18),20366774,0.0006692918440379065,17.87,0.859,.0196093,Y,APO,7611,708,0,9.628813074868958e-06
176,2.651727,0.6186491,2.63958,305.16698,42.22519,295.35291,1.0112384780043002,4.2922155219957,4.31810517342461,A0085,(100085) 1992 UY4,17.89,641,1979-2023,0,9804,K2669,0.022383029292815177,2.0000000006348273e-05,100085 (1992 UY4),20100085,0.0004708977505609398,17.89,,.0251337,Y,APO,15931,663,0,8.735843010754252e-06
177,2.6775747,0.7347815,5.37753,52.45999,309.87022,205.78151,0.7101423455719501,4.64500705442805,4.381394852498245,q9668,(529668) 2010 JL33,17.89,749,1997-2024,0,9803,K2669,0.04358898946798859,3.000000003794412e-05,529668 (2010 JL33),20529668,0.0010405864024451677,17.89,1.778,.0312356,Y,APO,9721,760,0,1.3926470842307026e-05
178,1.9499674,0.754667,12.37568,102.72819,263.65389,332.97439,0.47839135214420003,3.4215434478558,2.7229585236865272,h0804,(430804) 2005 AD13,17.93,1135,2005-2026,0,9803,K2669,0.0,0.0,430804 (2005 AD13),20430804,0.0007499638541205348,17.89,,.0173004,Y,APO,7850,1143,0,1.275552341439834e-05
179,1.6284721,0.7761449,34.254,40.072,110.83482,58.33517,0.36454178479270993,2.89240241520729,2.078119337165836,K19R03U,2019 RU3,17.94,257,2016-2025,0,9803,K2669,0.0,0.0,(2019 RU3),50843881,0.0018199431567812042,17.94,,.0496248,Y,APO,3243,264,0,2.403459851052503e-05
180,2.0023318,0.6066269,31.29757,44.62004,291.22498,309.13373,0.78766346739458,3.2170001326054196,2.833375061022828,~0Wzx,(746849) 2012 HJ1,17.94,384,2012-2026,0,9803,K2669,0.0,0.0,746849 (2012 HJ1),20746849,0.0009765878257401797,17.94,,.0338343,Y,APO,5178,392,0,9.00180901908243e-06
181,1.6376834,0.417425,4.68129,268.50377,24.9458,25.72688,0.9540734067550001,2.321293393245,2.0957762784549803,D6617,(136617) 1994 CC,17.97,691,1988-2025,0,9803,K2669,0.0,0.0,136617 (1994 CC),20136617,0.0006214628989965905,17.97,,.0162127,Y,APO,13277,739,0,1.074242544518711e-05
182,1.7732549,0.7441422,9.06773,159.49235,79.18077,229.29091,0.45370109755322,3.09280870244678,2.3613303706257667,G2825,(162825) 2001 BO61,17.97,434,2000-2022,0,9803,K2669,0.0,0.0,162825 (2001 BO61),20162825,0.0003406025291149989,17.97,,.0162558,Y,APO,8023,454,0,5.423278707894497e-06
183,1.0348698,0.1921328,21.47,322.74951,99.04605,0.79457,0.83603736769056,1.23370223230944,1.0527580477720782,i3103,(443103) 2013 WT67,17.97,604,2013-2021,0,9803,K2669,0.0,0.0,443103 (2013 WT67),20443103,0.0005509814041960706,17.97,,.0129713,Y,APO,2722,630,0,4.038607917777881e-05
184,2.5105878,0.6197731,10.13806,61.82536,314.56221,138.81068,0.9545930163718201,4.06658258362818,3.977984816238576,m2467,(482467) 2012 LK9,17.98,142,2012-2025,0,9803,K2669,0.0,0.0,482467 (2012 LK9),20482467,0.001134601040224969,17.98,,.0466149,Y,APO,4633,152,0,1.8282366909261327e-05
185,1.6398395,0.7381438,16.44727,322.05585,71.9113,283.45084,0.42940214007989996,2.8502768599201,2.0999164469893308,~0VbX,(741491) 2006 DU62,17.99,245,2006-2025,0,9803,K2669,0.0,0.0,741491 (2006 DU62),20741491,0.000583853331239503,17.99,,.0055982,Y,APO,6966,257,0,1.9225154005653167e-05
186,1.1897113,0.2780801,30.12309,292.44372,84.19068,219.44023,0.85887626272487,1.5205463372751298,1.2976643685164475,Y8314,(348314) 2005 BC,18.00,1522,2005-2025,0,9803,K2669,0.0,0.0,348314 (2005 BC),20348314,0.0002846361403492596,18.00,,.0448302,Y,APO,7644,1649,0,5.475572692148489e-06
187,2.6372059,0.6065703,13.3569,80.57269,190.76452,201.1368,1.03755512607523,4.236856673924771,4.282684267081263,h6671,(436671) 2011 SV71,18.00,195,2002-2019,0,9804,K2669,0.0,0.0,436671 (2011 SV71),20436671,0.002829782271068397,18.00,2.159,.027814,Y,AMO,6195,205,0,4.555296089847616e-05
188,2.065409,0.8867094,25.14721,30.23893,49.95877,40.70005,0.23399142485540003,3.8968265751446,2.968308923520126,~0DLK,(671294) 2014 JO25,18.00,1758,2011-2026,0,9803,K2669,0.0,0.0,671294 (2014 JO25),20671294,0.00044256583659683067,18.02,,.0060087,Y,APO,5481,1842,0,6.245143026717415e-06
189,1.4672226,0.4814932,3.12476,73.38514,280.06988,68.58937,0.7607648952136798,2.17368030478632,1.7772315398163865,07753,(7753) 1988 XB,18.01,1270,1988-2025,0,9803,K2669,0.0,0.0,7753 (1988 XB),20007753,0.0001682773193245329,18.01,,.00651474,Y,APO,13289,1335,0,1.912052709940326e-06
190,0.7186981,0.4176323,7.36842,81.65754,167.51212,278.10601,0.41854655949137004,1.01884964050863,0.6092839600642302,33342,(33342) 1998 WT24,18.02,1885,1998-2025,0,9802,K2669,0.0,0.0,33342 (1998 WT24),20033342,0.0007309328261074122,18.02,0.432,.0103337,Y,ATE,9571,1983,0,1.74904947698451e-05
191,1.3733016,0.7314486,5.04225,359.93571,120.90302,25.35328,0.36880206730224,2.37780113269776,1.6093440143180757,e5212,(405212) 2003 QC10,18.02,427,2003-2026,0,9803,K2669,0.01414213564831704,1.0000000031595846e-05,405212 (2003 QC10),20405212,0.0004926065654992555,18.04,,.00168516,Y,APO,8356,441,0,7.645082860108232e-06
192,2.8207652,0.7585161,5.67243,22.1116,47.80584,320.4332,0.68116938148028,4.96036101851972,4.737512900613638,K12Q08C,2012 QC8,18.03,263,1999-2026,0,9803,K2669,0.0,0.0,(2012 QC8),50607751,0.0010940112504841041,18.04,,.0453525,Y,APO,9985,264,0,162.9632999999996
193,1.5997395,0.5030596,23.07163,191.10298,290.99488,134.59668,0.7949751870258,2.4045038129742,2.023363458628114,02135,(2135) Aristaeus,18.05,61,1977-2020,2,9803,K2669,0.0,0.0,2135 Aristaeus (1977 HA),20002135,0.007411611641227256,18.05,,.00967484,Y,APO,15749,61,1,0.0001880425581077816
194,1.4585197,0.5620711,39.93236,314.32185,268.33837,152.72654,0.63872792784933,2.27831147215067,1.7614424123876633,D7108,(137108) 1999 AN10,18.05,398,1955-2022,0,9803,K2669,0.0,0.0,137108 (1999 AN10),20137108,0.0005831697756473984,18.05,,.000205921,Y,APO,24459,410,0,3.859924390781089e-06
195,1.2690923,0.5141334,19.42916,54.20354,263.94,118.37997,0.6166095608871801,1.9215750391128201,1.4296831993118697,Q7337,(267337) 2001 VK5,18.05,1314,2001-2025,0,9803,K2669,0.0,0.0,267337 (2001 VK5),20267337,0.0006616959747903137,18.05,0.439,.00115498,Y,APO,8540,1117,0,1.3250294216504699e-05
196,2.2978714,0.5803493,9.52381,84.80995,187.05031,314.49405,0.9643033415199801,3.63143945848002,3.4832815521900278,j5299,(455299) 2002 EL6,18.05,570,2002-2023,0,9803,K2669,0.0,0.0,455299 (2002 EL6),20455299,0.001529153903037638,18.05,0.537,.0445944,Y,APO,7965,605,0,2.5021857993579033e-05
197,1.6918546,0.4624185,5.8333,352.06267,333.21962,77.9249,0.9095097336499,2.4741994663501004,2.200617461993941,c6847,(386847) 2010 LR33,18.06,418,2001-2025,0,9803,K2669,0.0,0.0,386847 (2010 LR33),20386847,0.000925634350994321,18.06,0.663,.029213,Y,APO,8886,433,0,1.5985944969543198e-05
198,1.0869937,0.7245234,34.03784,38.83283,308.11171,52.94938,0.29944132869741996,1.87454607130258,1.1332886532015263,E1525,(141525) 2002 FV5,18.07,693,2002-2024,0,9803,K2669,0.0,0.0,141525 (2002 FV5),20141525,0.00035766611145870796,18.07,,.0351236,Y,APO,8116,713,0,5.480828860982001e-06
199,2.3232849,0.5777828,28.06534,74.44268,153.53473,212.80019,0.9809308452802799,3.66563895471972,3.541226493050012,K17C01H,2017 CH1,18.07,379,2017-2024,0,9803,K2669,0.0,0.0,(2017 CH1),50768631,0.0005955698353775357,18.07,,.00520689,Y,APO,2837,403,0,8.795474798262148e-06
200,2.1084489,0.602473,16.07668,194.71649,243.0644,29.87097,0.8381653658702999,3.3787324341297,3.0615730056224613,P0620,(250620) 2005 GE59,18.07,614,2005-2025,0,9803,K2669,0.0,0.0,250620 (2005 GE59),20250620,0.0005216097837730375,18.07,0.654,.0314716,Y,APO,7462,643,0,1.02460674042959e-05
201,1.9241439,0.5740776,6.40373,222.60435,221.65785,123.45216,0.8195359878333601,3.02875181216664,2.669047620448949,e9836,(409836) 2006 QY110,18.07,244,2006-2023,0,9803,K2669,0.0,0.0,409836 (2006 QY110),20409836,0.0015130311787781,18.07,0.554,.0319718,Y,APO,6126,249,0,2.240623410898479e-05
202,1.7700822,0.6007455,5.54384,156.84047,90.61416,171.85883,0.7067132837198999,2.8334511162801,2.3549958830153774,D7126,(137126) 1999 CF9,18.08,1202,1999-2025,0,9803,K2669,0.0,0.0,137126 (1999 CF9),20137126,0.0016633253976678893,18.08,,.0178302,Y,APO,9840,1228,0,2.4234647980847512e-05
203,1.8204548,0.5677589,4.84751,197.06965,31.12818,103.52153,0.7868753852522801,2.8540342147477196,2.456234632118249,E0039,(140039) 2001 SO73,18.08,744,2001-2024,0,9803,K2669,0.0,0.0,140039 (2001 SO73),20140039,0.0030491669905517286,18.08,,.0453382,Y,APO,8475,775,0,4.7121494901603e-05
204,3.2104465,0.6984358,10.00804,340.1136,337.2506,334.67781,0.9681557304152999,5.4527372695847,5.752387787857968,j1124,(451124) 2009 KC3,18.08,443,2009-2026,0,9803,K2669,0.0,0.0,451124 (2009 KC3),20451124,0.0006775172114746977,18.08,2.188,.00636848,Y,APO,6209,472,0,1.4058698297958472e-05
205,2.0590426,0.5537607,7.75324,113.04616,300.31278,54.43611,0.9188257284941801,3.1992594715058202,2.954595267694317,~19dG,(895358) 2020 EN,18.13,167,2015-2026,0,9803,K2669,0.01414213564831704,1.0000000031595846e-05,895358 (2020 EN),20895358,0.0007426789781458287,18.09,,.0487217,Y,APO,3990,186,0,1.0709975498457425e-05
206,2.8183551,0.8056228,6.09413,211.06792,287.89761,142.94147,0.54782397294372,5.08888622705628,4.731442504929933,K15Bp9O,2015 BO519,18.1,16,3 days,9,B803,K2669,0.0,0.0,(2020 JM2),54017043,419.1125824923562,24.7,,.0374256,N,APO,4,37,9,57.87712492983849
207,1.5456527,0.4716797,13.53154,303.58001,231.23185,56.46936,0.8165996981598102,2.27470570184019,1.9216216155946781,26663,(26663) 2000 XK47,18.11,880,1974-2026,0,9803,K2669,0.0,0.0,26663 (2000 XK47),20026663,0.0006579223106004412,18.12,,.0349296,Y,APO,19027,906,0,9.047471394296736e-06
208,1.6427096,0.3831233,3.41388,72.98582,319.5807,260.86129,1.01334927710632,2.2720699228936803,2.105431870823639,65803,(65803) Didymos,18.11,5594,1996-2026,0,9804,K2669,0.0,0.0,65803 Didymos (1996 GT),20065803,0.00025599766073897297,18.11,0.78,.039575,Y,APO,896,1869,0,3.6175133573124185e-06
209,1.7469491,0.4782407,10.99257,50.12548,147.55732,236.83616,0.9114869395516301,2.58241126044837,2.308981094509871,D6795,(136795) Tatsunokingo,18.11,426,1997-2025,0,9803,K2669,0.0,0.0,136795 Tatsunokingo (1997 BQ),20136795,0.0018215629966742463,18.11,,.0355994,Y,APO,10532,427,0,2.599578499484778e-05
210,0.9466308,0.123851,22.32417,331.11156,46.04864,313.5935,0.8293896287892,1.0638719712108,0.9210239978166265,G2421,(162421) 2000 ET70,18.11,674,2000-2026,0,9802,K2669,0.0,0.0,162421 (2000 ET70),20162421,0.001733320237247742,18.11,,.0303417,Y,ATE,17851,743,0,3.599522358399554e-05
211,2.5029378,0.6954981,0.79236,180.21677,345.98384,27.88526,0.7621493156818201,4.24372628431818,3.9598167262351276,O2708,(242708) 2005 UK1,18.11,1137,2005-2026,0,9803,K2669,0.0,0.0,242708 (2005 UK1),20242708,0.008779737926068738,18.12,,.0109908,Y,APO,7547,1179,0,0.00012642545829066876
212,2.3841115,0.6584107,3.85786,54.49466,337.6108,57.54043,0.81438697840695,3.9538360215930504,3.6812036494805387,r3722,(533722) 2014 NE52,18.13,707,2014-2026,0,9803,K2669,0.0,0.0,533722 (2014 NE52),20533722,0.0019149423713311535,18.12,0.701,.0358397,Y,APO,4359,721,0,2.88500722263052e-05
213,2.1175518,0.6647149,59.33202,33.49564,251.1095,277.27066,0.7099835670181801,3.52512003298182,3.081421187522354,J6068,(196068) 2002 TW55,18.13,140,2002-2011,0,9803,K2669,0.0,0.0,196068 (2002 TW55),20196068,0.004905267496185621,18.13,,.0279981,Y,APO,3355,145,0,3.1670504881731176e-05
214,1.573215,0.5374907,13.7949,159.69,90.95239,283.96209,0.7276265683995,2.4188034316005,1.9732500291019164,~18vx,(892673) 2015 TM237,18.13,136,2015-2026,2,9803,K2669,0.0,0.0,892673 (2015 TM237),20892673,0.020136964875280904,18.13,,.0395896,Y,APO,3774,141,2,0.00117077063441684
215,1.9046562,0.6261117,2.13279,75.47581,120.47166,294.30845,0.7121286687024599,3.09718373129754,2.6286023518361326,H0086,(170086) 2002 XR14,18.14,470,2002-2025,0,9803,K2669,0.0,0.0,170086 (2002 XR14),20170086,0.0009945382256589276,18.14,,.0114765,Y,APO,8364,492,0,1.6582574630774616e-05
216,2.8898049,0.7531963,39.21257,268.05495,246.33087,335.84264,0.7132145415981299,5.06639525840187,4.912502503396568,U7005,(307005) 2001 XP1,18.14,197,2001-2011,0,9803,K2669,0.0,0.0,307005 (2001 XP1),20307005,0.001320221391345669,18.14,,.0185551,Y,APO,3653,206,0,2.3582121684739832e-05
217,2.7002874,0.7185112,15.72955,226.40736,234.72024,259.46865,0.76010065988112,4.64047414011888,4.437261104225635,q3816,(523816) 2009 ST103,18.14,155,2000-2022,0,9803,K2669,0.0,0.0,523816 (2009 ST103),20523816,0.0010586823323976704,18.14,0.851,.0373422,Y,APO,8057,153,0,1.632498538128857e-05
218,2.7628538,0.6530511,24.23489,173.91597,183.78498,10.34013,0.95856908677082,4.567138513229179,4.592369843299449,~0Zcx,(756955) 2021 MG1,18.14,657,2013-2022,0,9803,K2669,0.0,0.0,756955 (2021 MG1),20756955,0.0005983410797974984,18.14,,.0463478,Y,APO,3325,672,0,7.252708485339099e-06
219,2.9104022,0.7189268,54.50065,187.46839,120.40785,136.57235,0.8180360596410401,5.00276834035896,4.965117322051123,f0778,(410778) 2009 FG19,18.15,311,2009-2024,0,9803,K2669,0.0,0.0,410778 (2009 FG19),20410778,0.0017894109279850596,18.15,1.457,.0252331,Y,APO,5674,347,0,1.0177978197134507e-05
220,1.8959431,0.7678837,13.76438,22.58099,65.38508,111.30664,0.4400792973825301,3.35180690261747,2.6105856659615942,h4096,(434096) 2002 GO5,18.15,253,2002-2023,0,9803,K2669,0.0,0.0,434096 (2002 GO5),20434096,0.0010761679390706978,18.15,0.528,.0314064,Y,APO,7734,263,0,1.657848335412382e-05
221,1.9258613,0.4745003,1.67978,285.28603,186.46494,42.77009,1.01203953539161,2.8396830646083897,2.6726218165294364,G2998,(162998) 2001 SK162,18.16,1572,1993-2026,0,9804,K2669,0.0,0.0,162998 (2001 SK162),20162998,0.011895408926862371,18.15,0.875,.0285838,Y,APO,11912,1613,0,0.0001726347607018397
222,0.9589853,0.1520306,21.61632,288.01435,297.66152,116.77445,0.81319018944982,1.1047804105501802,0.9391131570208076,J9003,(199003) 2005 WJ56,18.16,1278,2005-2024,0,9802,K2669,0.0,0.0,199003 (2005 WJ56),20199003,0.00020124157922734174,18.16,,.0226395,Y,ATE,6940,1303,0,7.6053676139054005e-06
223,2.4928794,0.8250702,10.89224,141.43021,290.69225,32.93932,0.43607889486612006,4.54967990513388,3.9359711204539236,K14M26R,2014 MR26,18.17,590,2014-2026,0,9803,K2669,0.009999999974752427,9.999999974752427e-06,(2014 MR26),50674092,0.003378654997539329,18.18,,.0186143,Y,APO,4363,599,0,5.283816480528003e-05
224,2.5876625,0.6445716,4.49003,134.62065,296.45179,194.59032,0.9197287421149999,4.255596257884999,4.16256902531714,K15O35L,2015 OL35,18.17,573,2015-2023,0,9803,K2669,0.0,0.0,(2015 OL35),50724667,0.0024805873383763506,18.17,,.0372915,Y,APO,2908,594,0,3.921187169453333e-05
225,2.2193037,0.5945363,8.14565,107.52446,139.38745,157.46921,0.89984708962569,3.5387603103743106,3.30616942909688,j0894,(450894) 2008 BT18,18.17,441,1955-2025,0,9803,K2669,0.0,0.0,450894 (2008 BT18),20450894,0.001873245649923885,18.17,,.0127621,Y,APO,25825,455,0,2.9911637312807215e-05
226,1.0297117,0.0739217,45.86726,150.72865,322.15149,285.71611,0.9535936606261101,1.10582973937389,1.0448969731017634,a5071,(365071) 2009 AV,18.18,1006,2009-2014,0,9803,K2669,0.0,0.0,365071 (2009 AV),20365071,0.0014383685635615921,18.18,0.674,.0208916,Y,APO,3170,1195,0,1.7442905800635344e-05
227,1.6169191,0.4510506,25.31356,350.18774,129.62796,74.1907,0.8876067697935399,2.34623143020646,2.0560441531562605,~17Sw,(887030) 2023 QF5,18.18,242,2014-2026,0,9803,K2669,0.0,0.0,887030 (2023 QF5),20887030,0.0006423307243364609,18.18,,.00608429,Y,APO,4291,247,0,1.0346971492936063e-05
228,1.4766837,0.4087554,7.15733,320.05713,215.21576,322.98333,0.87308126353302,2.08028613646698,1.794449420686665,F4330,(154330) 2002 VX94,18.19,588,1986-2025,0,9803,K2669,0.0,0.0,154330 (2002 VX94),20154330,0.0007556615360367811,18.19,,.0325914,Y,APO,14263,614,0,1.3081514424584384e-05
229,1.0695645,0.1943873,24.832,39.09556,78.30472,197.35767,0.8616547446691499,1.27747425533085,1.1061409480155797,i4193,(444193) 2005 SE71,18.19,461,2005-2026,0,9803,K2669,0.0,0.0,444193 (2005 SE71),20444193,0.00013895004399847128,18.19,0.437,.00262131,Y,APO,7496,490,0,1.9189310478395782e-06
230,1.3361826,0.6030516,8.26679,87.66314,115.45272,290.83765,0.53039554517784,2.1419696548221605,1.544538428033654,H0903,(170903) 2004 WS2,18.20,1494,2002-2025,0,9803,K2669,0.0,0.0,170903 (2004 WS2),20170903,0.0008848260352181694,18.20,,.0300276,Y,APO,8415,1566,0,1.63767580829699e-05
231,1.5453773,0.4921133,19.07078,358.77697,106.81633,164.52584,0.7848765771519101,2.30587802284809,1.921108054865207,c9694,(389694) 2011 QD48,18.20,709,2011-2026,0,9803,K2669,0.0,0.0,389694 (2011 QD48),20389694,0.0009117619193796569,18.20,0.451,.0188677,Y,APO,5399,828,0,6.842039567800384e-06
232,2.2446158,0.5974925,55.01316,16.90762,319.39785,123.15875,0.9034746941185,3.5857569058815,3.362892800295486,q3820,(523820) 2011 GN44,18.20,116,2011-2021,0,9803,K2669,0.0,0.0,523820 (2011 GN44),20523820,0.0033253213817478573,18.20,,.00597746,Y,APO,3689,140,0,9.170017278847808e-06
233,2.0188289,0.5270505,10.12318,306.8226,189.05043,49.08613,0.95480411884055,3.0828536811594502,2.868463114668487,z2522,(612522) 2002 VP69,18.21,685,2002-2026,0,9803,K2669,0.0,0.0,612522 (2002 VP69),20612522,0.0003288545860623528,18.23,,.0240304,Y,APO,8600,696,0,4.413067188124842e-06
234,2.7659172,0.6897943,18.71928,178.94914,134.44864,231.9819,0.8580032811680401,4.67383111883196,4.600009859239303,~0WKX,(744281) 2009 HD21,18.24,213,2009-2024,0,9803,K2669,0.0,0.0,744281 (2009 HD21),20744281,0.0004982251750039221,18.24,,.0179794,Y,APO,5406,217,0,7.994765695684691e-06
235,2.0347462,0.8301183,9.20708,16.51692,130.85357,115.82283,0.34566614352454,3.72382625647546,2.9024541580391596,K07R17U,2007 RU17,18.25,387,2007-2013,1,9803,K2669,0.0,0.0,(2007 RU17),50384429,0.001029954948924431,18.25,,.0405484,Y,APO,2213,389,0,130.789366858571
236,2.4821903,0.6104356,75.65689,179.32276,358.13064,222.2959,0.9669729749053201,3.99740762509468,3.9106829795610647,k6130,(466130) 2012 FZ23,18.25,253,2012-2020,0,9803,K2669,0.0,0.0,466130 (2012 FZ23),20466130,0.0016568695282662604,18.25,,.0284086,Y,APO,3070,253,0,1.2952887232131616e-05
237,2.2359478,0.7350665,5.83305,297.38763,247.47933,168.4781,0.5923774764713001,3.8795181235286997,3.34343196758727,o6859,(506859) 2007 VW137,18.24,221,2007-2025,0,9803,K2669,0.022360679769384908,2.0000000006348273e-05,506859 (2007 VW137),20506859,0.00034748573885169947,18.25,,.032235,Y,APO,6502,241,0,1.7910774602114543e-05
238,1.7270961,0.4871616,10.90394,53.30016,143.74672,323.77329,0.8857212005702401,2.56847099942976,2.2697329124721284,f7211,(417211) 2005 XL80,18.26,404,2005-2025,0,9803,K2669,0.0,0.0,417211 (2005 XL80),20417211,0.0007301741735795805,18.26,,.0426863,Y,APO,7281,412,0,1.1135071503076688e-05
239,0.9684505,0.6556432,36.24349,208.83489,43.96009,290.24173,0.3334925151384,1.6034084848616001,0.9530510004165333,E4900,(144900) 2004 VG64,18.27,496,2004-2025,0,9802,K2669,0.0,0.0,144900 (2004 VG64),20144900,0.0002686280381492759,18.27,,.0274524,Y,ATE,7708,436,0,5.349860941805673e-06
240,1.4480275,0.3110773,28.00194,137.21706,211.36896,309.70892,0.9975790149742501,1.89847598502575,1.742469619065185,H3561,(173561) 2000 YV137,18.25,1303,2000-2026,0,9803,K2669,0.010000000000287557,1.0000000000287557e-07,173561 (2000 YV137),20173561,0.0006003390849883291,18.36,,.0187136,Y,APO,9405,1357,0,1.0321270423219175e-05
241,1.3406221,0.7960261,31.4187,213.02113,233.47471,328.45545,0.2734519181631901,2.40779228183681,1.5522424695564048,F3002,(153002) 2000 JG5,18.28,423,2000-2026,0,9803,K2669,0.0,0.0,153002 (2000 JG5),20153002,0.00028433412871631714,18.28,,.0291842,Y,APO,9539,438,0,7.206312091057043e-06
242,1.7115612,0.467301,1.91954,277.35076,44.64222,14.62048,0.9117469396788,2.5113754603212,2.2391781577505823,F3814,(153814) 2001 WN5,18.28,978,1996-2025,0,9803,K2669,0.0,0.0,153814 (2001 WN5),20153814,0.005256155947289717,18.28,0.932,.00170698,Y,APO,10614,1021,0,7.470345414617441e-05
243,2.4093191,0.6573556,15.64982,126.38707,305.5637,38.76845,0.8255396974280399,3.99309850257196,3.7397406522139596,Q7131,(267131) 2000 EK26,18.28,236,2000-2026,0,9803,K2669,0.0,0.0,267131 (2000 EK26),20267131,0.0005988123092928449,18.27,,.00294262,Y,APO,9563,244,0,1.0069287839087337e-05
244,1.6336517,0.3995551,19.45987,74.90308,156.34575,219.37232,0.9809178316413301,2.28638556835867,2.0880418725708383,V1066,(311066) 2004 DC,18.28,338,2004-2025,0,9803,K2669,0.0,0.0,311066 (2004 DC),20311066,0.0010807575940060274,18.28,,.0091271,Y,APO,7937,360,0,1.2883860279089276e-05
245,1.9986322,0.5919158,7.7007,298.62405,110.25573,20.53508,0.81561022243124,3.18165417756876,2.8255260789279677,g2699,(422699) 2000 PD3,18.28,517,2000-2025,0,9803,K2669,0.042426406884659575,3.000000003794412e-05,422699 (2000 PD3),20422699,0.0011597421402883674,18.28,0.619,.0270974,Y,APO,9119,536,0,1.850494783184331e-05
246,2.2008739,0.599006,9.59103,194.24203,323.76554,30.18113,0.8825372286565999,3.5192105713434003,3.2650718321493915,~12Ds,(866876) 2015 TE323,18.28,674,2002-2026,0,9803,K2669,0.0,0.0,866876 (2015 TE323),20866876,0.001065633139292113,18.29,,.0273233,Y,APO,8651,690,0,1.542810699106667e-05
247,1.7440386,0.4334635,8.69826,130.33277,0.82792,100.42151,0.9880615243089,2.5000156756911003,2.3032131906674054,27002,(27002) 1998 DV9,18.29,502,1998-2026,0,9803,K2669,0.0,0.0,27002 (1998 DV9),20027002,0.0014741731960147355,18.31,,.00295266,Y,APO,10345,522,0,2.137994823669942e-05
248,1.9002843,0.5490427,8.97249,339.42683,222.03114,138.56908,0.85694707716039,2.94362152283961,2.619557105644764,D7120,(137120) 1999 BJ8,18.29,477,1999-2025,0,9803,K2669,0.0,0.0,137120 (1999 BJ8),20137120,0.0014233056664047841,18.29,,.0224188,Y,APO,9487,493,0,2.0835542215991154e-05
249,2.0385349,0.5429831,17.09824,311.52793,326.17635,203.16612,0.93164490053981,3.1454248994601905,2.910564490449466,G2979,(162979) 2001 RA12,18.29,161,2001-2024,0,9803,K2669,0.0,0.0,162979 (2001 RA12),20162979,0.0005700759892311205,18.29,,.0194391,Y,APO,8417,167,0,3.7301565384950663e-05
250,1.6487207,0.7321107,3.77164,299.94859,315.19266,180.83473,0.44167463421851,2.85576676578149,2.1169989174225647,J9145,(199145) 2005 YY128,18.30,592,2005-2025,0,8803,K2669,0.0,0.0,199145 (2005 YY128),20199145,0.0026494168989289776,18.30,,.0297233,Y,APO,7292,611,0,3.819256431825124e-05
251,3.0686144,0.6953931,16.40099,329.9873,214.63901,134.44307,0.93472111967936,5.20250768032064,5.3754333085977715,K07Y02B,2007 YB2,18.22,152,2007-2025,0,9803,K2669,0.0824681756747813,5.000000001587068e-05,(2007 YB2),50398163,0.0023759985802734346,18.30,,.0145044,Y,APO,6462,157,0,96.32861268063341
252,2.6931172,0.6523674,15.97737,21.45675,28.04922,166.76539,0.9362153343407199,4.450019065659281,4.419599140049001,K20B14W,2020 BW14,18.30,123,2016-2025,0,8803,K2669,0.0,0.0,(2020 BW14),50989364,0.0018885980823522008,18.30,,.0133989,Y,APO,3359,135,1,3.5507080497154675e-05
253,1.3228073,0.4257499,38.24694,116.68273,105.45442,233.7434,0.75962222430573,1.88599237569427,1.5214051232922716,Y9068,(349068) 2006 YT13,18.30,478,2006-2025,0,8803,K2669,0.0,0.0,349068 (2006 YT13),20349068,0.00041099940191600053,18.30,0.496,.0376614,Y,APO,6799,500,0,5.953445196382745e-06
254,2.6708403,0.7024474,5.85396,13.78257,319.89695,316.82422,0.7947154754497798,4.54696512455022,4.364875702754558,~0ykd,(853531) 2009 KE3,18.30,123,2009-2022,0,8803,K2669,0.0,0.0,853531 (2009 KE3),20853531,0.009993027171767813,18.30,,.032345,Y,APO,4935,129,0,0.00014654121531521014
255,1.0548885,0.3501936,1.97262,299.46913,24.07594,218.56549,0.6854732985863999,1.4243037014135997,1.0834524020390488,H5706,(175706) 1996 FG3,18.31,3069,1985-2026,0,8803,K2669,0.0,0.0,175706 (1996 FG3),20175706,0.0004966339752089815,18.31,1.196,.0280945,Y,APO,14691,3126,0,9.416436910214543e-06
256,1.3650562,0.3767097,8.6717,358.6164,289.82431,72.9416,0.8508262884148601,1.8792861115851398,1.594871868730836,I5851,(185851) 2000 DP107,18.31,2164,2000-2025,0,8803,K2669,0.0,0.0,185851 (2000 DP107),20185851,0.000378545608554908,18.31,0.863,.0143229,Y,APO,9096,2094,0,5.026562121202005e-06
257,1.1327841,0.2519251,17.74569,36.09232,76.66188,261.08773,0.84740735232909,1.41816084767091,1.2056485184586667,Q0141,(260141) 2004 QT24,18.31,731,2004-2023,0,8803,K2669,0.0,0.0,260141 (2004 QT24),20260141,0.0009301082016068309,18.31,,.00723309,Y,APO,9049,816,0,1.640440063965798e-05
258,2.0032005,0.5285458,2.34859,306.96917,2.34618,149.82116,0.9444172891671002,3.0619837108328998,2.8352191259204047,E1593,(141593) 2002 HK12,18.32,1463,1985-2025,0,8803,K2669,0.010000000031595846,1.0000000031595846e-05,141593 (2002 HK12),20141593,0.0013231771301910602,18.32,,.023636,Y,APO,14780,1492,0,1.983606529165627e-05
259,2.6081047,0.7264292,8.34621,14.76716,103.83136,33.01158,0.71350128926276,4.502708110737241,4.211991951610418,K08S11V,2008 SV11,18.32,734,2008-2026,0,8803,K2669,0.0,0.0,(2008 SV11),50427817,0.00029823391033239005,18.32,,.011992,Y,APO,6435,749,0,144.9926778301297
260,1.8760759,0.6999942,47.70709,271.09639,269.11718,159.08211,0.56283365124022,3.1893181487597797,2.569659660409813,f7871,(417871) 2007 MB24,18.34,388,1989-2025,0,8803,K2669,0.0,0.0,417871 (2007 MB24),20417871,0.0008725449855553957,18.34,,.0274694,Y,APO,13202,401,0,7.90935382610769e-06
261,1.2601754,0.2638519,23.24895,31.55547,46.34009,354.472,0.9276757263767401,1.59267507362326,1.414641831495768,n7117,(497117) 2004 FU4,18.34,487,2004-2025,0,8803,K2669,0.0,0.0,497117 (2004 FU4),20497117,0.0007159392375860423,18.34,,.00300143,Y,APO,7728,500,0,1.2600526929418265e-05
262,2.2374745,0.8467604,15.83674,77.65134,234.99443,224.75024,0.34286969739020007,4.1320793026097995,3.3468568835045307,~0FH1,(678715) 2017 VV14,18.34,126,2017-2024,0,8803,K2669,0.0,0.0,678715 (2017 VV14),20678715,0.0009688924647139904,18.34,,.0456997,Y,APO,2613,140,0,1.5582192304464115e-05
263,1.7033695,0.4514134,4.64461,144.35835,197.95871,72.94841,0.9344456825486999,2.4722933174513,2.2231220178523703,F3958,(153958) 2002 AM31,18.35,793,1983-2025,0,8803,K2669,0.0,0.0,153958 (2002 AM31),20153958,0.00035630249664961175,18.35,,.0316506,Y,APO,15330,834,0,4.431780610048008e-06
264,2.6346737,0.7089438,8.17004,321.04994,303.04123,190.76754,0.76683811536194,4.5025092846380605,4.276517507700801,K11B38E,2011 BE38,18.35,156,2011-2015,1,8803,K2669,0.0,0.0,(2011 BE38),50558412,0.0005939926075576482,18.35,,.020282,Y,APO,1457,158,0,86.4132330664185
265,1.5854827,0.8298543,18.97022,141.40332,47.17056,205.94373,0.2697630638293899,2.90120233617061,1.9963756375107848,m2798,(482798) 2013 QK48,18.35,153,2001-2025,0,8803,K2669,0.0,0.0,482798 (2013 QK48),20482798,0.000635238963568636,18.35,,.0259104,Y,APO,8771,155,0,6.560114201192846e-06
266,1.8534617,0.5713813,5.70303,6.10124,79.73389,221.26848,0.7944283443537901,2.91249505564621,2.5233379785353884,~001U,(620092) 2015 HB10,18.35,523,2015-2025,0,8803,K2669,0.0,0.0,620092 (2015 HB10),20620092,0.0011040846491667433,18.35,,.026399,Y,APO,3778,534,0,1.717779630894256e-05
267,1.4525646,0.7875134,5.44387,160.47465,108.05991,51.97965,0.30865051313436,2.59647868686564,1.7506655426068867,J4268,(194268) 2001 UY4,18.36,726,2001-2026,0,8803,K2669,0.0,0.0,194268 (2001 UY4),20194268,0.0012612698978630337,18.36,1.244,.0257362,Y,APO,8860,749,0,2.1890652504907848e-05
268,2.2851226,0.5645735,14.38466,116.19778,202.83046,177.43219,0.9950029357889,3.5752422642110995,3.4543334515638033,K17H02T,2017 HT2,18.36,116,2015-2024,0,8803,K2669,0.0,0.0,(2017 HT2),50774088,0.0004863052256170046,18.36,,.00653112,Y,APO,3626,124,0,8.18554281067918e-06
269,1.0462949,0.2614281,13.47265,104.47484,294.31512,219.55501,0.7727640122533099,1.31982578774669,1.0702399606397555,Q3976,(263976) 2009 KD5,18.36,2421,1950-2026,0,8803,K2669,0.0,0.0,263976 (2009 KD5),20263976,0.0007773301374921468,18.35,0.785,.0484113,Y,APO,27806,2464,0,9.959836745565553e-06
270,1.6131222,0.4573236,7.03616,90.70575,25.18669,271.98435,0.8754033482560799,2.35084105174392,2.04880630557826,~0uZF,(837449) 2013 NJ10,18.36,103,2013-2025,0,8803,K2669,0.19697715601930035,0.00014999999999076863,837449 (2013 NJ10),20837449,0.010769243626557118,18.36,,.0460948,Y,APO,4399,105,0,0.000174248546443323
271,1.7609225,0.4444335,15.73453,210.87182,191.27555,236.60693,0.9783095500962501,2.5435354499037497,2.3367398447619396,O4977,(244977) 2004 BE68,18.37,520,2004-2026,0,8803,K2669,0.0,0.0,244977 (2004 BE68),20244977,0.0008214796271618606,18.36,0.495,.0108974,Y,APO,8201,548,0,1.3966759723871291e-05
272,1.0011647,0.6323842,2.63724,19.28184,200.25742,283.91195,0.36804396212226004,1.6342854378777398,1.00174755859858,P5071,(255071) 2005 UH6,18.37,153,2002-2026,0,8803,K2669,0.0,0.0,255071 (2005 UH6),20255071,0.013108960244094556,18.37,,.0231996,Y,APO,8484,164,1,0.00021158950940503019
273,1.0798307,0.3558265,10.31047,234.38229,289.53049,130.59771,0.69559832142645,1.46406307857355,1.1221050210660386,11500,(11500) Tomaiyowit,18.38,1268,1989-2026,0,8803,K2669,0.0,0.0,11500 Tomaiyowit (1989 UR),20011500,0.000693967375614683,18.38,0.738,.0342305,Y,APO,13456,1242,0,2.1439111606014194e-05
274,1.9415749,0.5246188,9.1404,308.19497,38.36743,78.22634,0.9229882058518799,2.9601615941481203,2.7053983662726084,j7768,(457768) 2009 KN4,18.38,246,2001-2025,0,8803,K2669,0.0,0.0,457768 (2009 KN4),20457768,0.0014335801561578179,18.38,,.0103743,Y,APO,8564,260,0,2.0065731064278225e-05
275,2.1642406,0.6038118,23.29362,344.4869,122.66643,257.42502,0.85744658768092,3.4710346123190794,3.1838918691057896,z2813,(612813) 2004 RF84,18.38,472,2004-2023,0,8803,K2669,0.0,0.0,612813 (2004 RF84),20612813,0.00048375824794491545,18.38,,.0332921,Y,APO,6998,492,0,5.592455920577777e-06
276,2.3588705,0.5957228,6.73598,0.07695,336.92428,222.78244,0.9536375609026,3.7641034390973998,3.62289834820305,z4470,(614470) Flordeneu,18.38,435,2002-2025,0,8803,K2669,0.0,0.0,614470 Flordeneu (2009 ST19),20614470,0.0008898095997915114,18.38,,.0114633,Y,APO,9559,439,0,1.6814470825465833e-05
277,2.0579468,0.5333723,40.35278,58.22184,0.56745,190.73985,0.9602949820063599,3.1555986179936397,2.952236976494155,r1914,(531914) 2013 BW76,18.39,179,2013-2024,0,8803,K2669,0.0,0.0,531914 (2013 BW76),20531914,0.0009155938106644851,18.41,,.0281786,Y,APO,4321,185,0,1.7470908034056265e-05
278,2.3312231,0.8971259,8.35561,297.22413,233.21614,305.60595,0.2398224783117099,4.42262372168829,3.559391481904633,K01V00B,2001 VB,18.4,53,8 days,3,A803,K2669,0.0,0.0,(2001 VB),50092442,629.8787983220526,18.4,,.0224824,Y,APO,7,53,9,156.15821795050556
279,1.8785895,0.6542666,7.14292,178.12913,284.6217,101.58131,0.6494911350392999,3.1076878649607003,2.574825703699496,F2770,(152770) 1999 RR28,18.41,700,1987-2023,0,8803,K2669,0.0,0.0,152770 (1999 RR28),20152770,0.0007030850383122559,18.41,,.0164977,Y,APO,13198,721,0,1.0266247215895419e-05
280,1.4898909,0.3766319,36.78219,164.91856,342.88937,212.02017,0.92875045954029,2.0510313404597103,1.8185770301184006,S8807,(288807) 2004 RW164,18.41,271,2002-2024,0,0803,K2669,0.0,0.0,288807 (2004 RW164),20288807,0.0005342083052088464,18.41,,.0512824,N,APO,8095,278,0,1.5465432909422816e-05
281,1.2314876,0.4863989,21.38605,21.49671,87.27348,151.67492,0.63249338599636,1.8304818140036399,1.3666114807110923,h6774,(436774) 2012 KY3,18.41,204,2012-2025,0,8803,K2669,0.0,0.0,436774 (2012 KY3),20436774,0.00030215895441406136,18.41,,.0240479,Y,APO,4854,209,0,5.292158192560237e-06
282,2.8622597,0.6655032,31.15841,137.24402,32.40405,43.30448,0.9574167104189601,4.76710268958104,4.842432255537797,K16B14Z,2016 BZ14,18.43,528,2016-2026,0,8803,K2669,0.0,0.0,(2016 BZ14),50740951,0.000683132497557387,18.44,1.214,.031736,Y,APO,3835,548,0,9.696557327742994e-06
283,1.6012102,0.3935463,8.07603,111.95181,136.69473,46.4839,0.9710598502677399,2.23136054973226,2.0261543297033993,f7612,(417612) 2006 WQ29,18.43,191,2002-2025,1,8803,K2669,0.0,0.0,417612 (2006 WQ29),20417612,0.02011971896575823,18.43,,.0202646,Y,APO,8068,207,1,0.000487582485305893
284,2.0839918,0.6247885,1.79833,271.37599,90.51293,226.65995,0.7819376892657002,3.3860459107343,3.0084583868225243,k3387,(463387) 2013 CT82,18.44,137,2013-2025,0,8803,K2669,0.0,0.0,463387 (2013 CT82),20463387,0.01926240153665748,18.44,,.0129653,Y,APO,4406,147,0,0.00028539039311681336
285,1.806807,0.4745797,35.13666,193.47036,135.81748,157.21145,0.9493330759820999,2.6642809240179,2.4286651818949108,~15yZ,(881303) 2015 FS332,18.44,515,2015-2025,0,8803,K2669,0.0,0.0,881303 (2015 FS332),20881303,0.0007507179009996064,18.44,,.0403125,Y,APO,3910,526,0,8.892486789591203e-06
286,1.2294271,0.3545467,10.38842,241.00265,245.9192,142.48936,0.7935377788044301,1.6653164211955702,1.3631830360201596,G3818,(163818) 2003 RX7,18.45,863,2003-2026,0,8803,K2669,0.0,0.0,163818 (2003 RX7),20163818,0.0009246506812356758,18.46,0.386,.0267462,Y,APO,8356,968,0,1.2799518401607202e-05
287,2.8115977,0.6453388,9.76964,79.08291,348.67889,91.86834,0.9971646141992401,4.6260307858007605,4.7144362674436655,K11B10X,2011 BX10,18.45,140,2010-2024,0,8803,K2669,0.0,0.0,(2011 BX10),50555676,0.005865396310476278,18.45,,.0179792,Y,APO,5023,145,0,129.73826518828128
288,1.4205196,0.3100408,9.33904,83.16315,337.96093,180.11822,0.98010056680032,1.8609386331996798,1.693054138116323,D9622,(139622) 2001 QQ142,18.46,1184,2001-2026,0,8803,K2669,0.0,0.0,139622 (2001 QQ142),20139622,0.0003888921417270418,18.46,,.0110264,Y,APO,9070,1214,0,6.872040046346228e-06
289,1.9169005,0.6086928,5.82974,188.72262,271.31616,287.56027,0.7500969673335999,3.0837040326664,2.6539904512957184,Q7729,(267729) 2003 FC5,18.46,840,2002-2026,0,8803,K2669,0.014142135606238563,1.0000000000509601e-05,267729 (2003 FC5),20267729,0.0022895367076310215,18.46,,.032923,Y,APO,8784,868,0,3.187438915119856e-05
290,2.2370779,0.7053356,7.30064,21.40878,247.02418,121.10523,0.6591872171567601,3.81496858284324,3.3459670602115725,i6791,(446791) 1998 SJ70,18.46,275,1998-2025,0,8803,K2669,0.0,0.0,446791 (1998 SJ70),20446791,0.0008560366272915961,18.46,,.0272076,Y,APO,9920,279,0,1.410389049283367e-05
291,2.0010871,0.6036324,3.57805,158.02876,300.30027,146.22873,0.79316609121796,3.2090081087820397,2.830733525431735,Q9690,(269690) 1996 RG3,18.47,232,1996-2017,0,8803,K2669,0.0,0.0,269690 (1996 RG3),20269690,0.010445354575557675,18.47,0.888,.00236638,Y,APO,10195,245,0,0.00015879173579946837
292,1.3473749,0.4608939,2.51747,126.7835,42.72015,112.54924,0.7263780275768899,1.96837177242311,1.5639853441824774,E0158,(140158) 2001 SX169,18.48,912,2001-2026,0,8803,K2669,0.010000000003174137,1.0000000003174137e-05,140158 (2001 SX169),20140158,0.0003119906445032013,18.48,0.566,.0261357,Y,APO,9127,945,0,5.699494124655757e-06
293,1.1141409,0.8020542,2.35416,51.88447,317.76389,337.73685,0.22053951176321995,2.00774228823678,1.176007729294365,E1495,(141495) 2002 EZ11,18.48,1393,2002-2026,0,8803,K2669,0.0,0.0,141495 (2002 EZ11),20141495,0.0008116178642966661,18.46,,.000917959,Y,APO,8852,1291,0,1.3423762709408038e-05
294,0.7812752,0.336871,3.7759,187.91609,60.17505,43.25244,0.5180862421008,1.0444641578991998,0.690567377067322,a3505,(363505) 2003 UC20,18.48,916,1954-2026,0,8802,K2669,0.0,0.0,363505 (2003 UC20),20363505,0.00808280956739484,18.48,1.876,.035278,Y,ATE,26035,1071,0,0.00011490556511262184
295,1.8981802,0.4494911,12.40454,84.2559,193.42209,213.36925,1.0449650939037802,2.75139530609622,2.6152075322054364,d1211,(391211) 2006 HZ51,18.48,205,2001-2024,0,8804,K2669,0.0,0.0,391211 (2006 HZ51),20391211,0.0010339843461883462,18.48,0.412,.0361647,Y,AMO,8152,207,0,1.6765813626307136e-05
296,0.6352314,0.5311116,18.943,37.00648,353.01317,64.98426,0.29785263477576,0.97261016522424,0.5062883524360839,h4326,(434326) 2004 JG6,18.48,142,2004-2021,1,8801,K2669,0.0,0.0,434326 (2004 JG6),20434326,0.003502615770934203,18.48,,.0389611,Y,IEO,6227,142,1,8.035762601821261e-05
297,0.6950149,0.3798994,24.30945,81.11844,183.66291,303.05126,0.43097915649894,0.95905064350106,0.5794169195668989,m1817,(481817) 2008 UL90,18.48,427,2008-2023,0,8801,K2669,0.0,0.0,481817 (2008 UL90),20481817,0.00029218405270528124,18.48,,.0268329,Y,IEO,5537,446,0,1.6193856822610542e-05
298,1.2994529,0.3037728,29.79622,138.73493,299.65389,256.38613,0.90471445409888,1.6941913459011197,1.4812924661180322,o5657,(505657) 2014 SR339,18.48,1601,2014-2026,0,8803,K2669,0.0,0.0,505657 (2014 SR339),20505657,0.00033138145273022587,18.48,0.971,.0356562,Y,APO,4337,1646,0,4.454760897942833e-06
299,1.0593695,0.4440101,11.16926,157.86367,296.70833,82.73584,0.5889987423680499,1.52974025763195,1.0903632305317126,04034,(4034) Vishnu,18.49,1306,1986-2026,0,8803,K2669,0.0,0.0,4034 Vishnu (1986 PA),20004034,0.0006545697935767226,18.50,0.42,.0191649,Y,APO,14574,1333,0,9.175060597499396e-06
300,1.8957515,0.8108675,20.38021,229.11004,65.24267,114.19291,0.3585482205737501,3.4329547794262503,2.6101899455601796,o8967,(508967) 2004 VC17,18.49,432,2004-2025,0,8803,K2669,0.0,0.0,508967 (2004 VC17),20508967,0.0017614280447951882,18.49,,.00211867,Y,APO,7710,447,0,2.6401042021007015e-05
